CookerStat, GenerateAssetRegistry=0.015646, Initialize=0.081349, RunGuid=RunID55C479FF4A75A92109247CACC4E2EBBA
DDCTransactionIdDCB6F0264B4FC6D40C099C8421310F57_0, PutCachedData=, CacheKey=PhysX_1D9C17C451EA4FB88CB7A27536A65DB0_PhysXPC_FE04593A4F28AB837B40D29EADED3C9D__1_0_13123_0, StartTime=2016.04.11-21.29.33, HierarchicalDDC=, DataSize=458, Duration=2.986651, RunGuid=RunID55C479FF4A75A92109247CACC4E2EBBA
DDCTransactionIdC85FD47E4D4F5DEF43F5068218F8E5D8_0, PutCachedData=, CacheKey=PhysX_1D9C17C451EA4FB88CB7A27536A65DB0_PhysXPC_A306FD764394166C42CB959D44B3444B__1_0_13123_0, StartTime=2016.04.11-21.29.33, HierarchicalDDC=, DataSize=458, Duration=2.298582, RunGuid=RunID55C479FF4A75A92109247CACC4E2EBBA
DDCTransactionIdA6920936470C39A241D8D1A5EC1176D7_0, PutCachedData=, CacheKey=PhysX_1D9C17C451EA4FB88CB7A27536A65DB0_PhysXPC_DCBAE16F4063612B3B9BBAAC33F5FD60__1_0_13123_0, StartTime=2016.04.11-21.29.33, HierarchicalDDC=, DataSize=458, Duration=2.817694, RunGuid=RunID55C479FF4A75A92109247CACC4E2EBBA
DDCTransactionIdC85FD47E4D4F5DEF43F5068218F8E5D8_1, PutCachedData=, CacheKey=PhysX_1D9C17C451EA4FB88CB7A27536A65DB0_PhysXPC_272EE0A748B111A3BC734593740E6BAA__1_0_13123_0, StartTime=2016.04.11-21.29.33, HierarchicalDDC=, DataSize=458, Duration=2.177697, RunGuid=RunID55C479FF4A75A92109247CACC4E2EBBA
DDCTransactionIdF1395CF5419A0746F1C38FB6416A196A_0, BuildTexture=, CacheKey=TEXTURE_814DCC3DC72143F49509781513CB9855_AutoDXT_FCC61AA54D44D8EF656D378811DBFFE4_07_0000803F0000803F0000803F000000000000803F00000000000000000000803F0000000000000000020000000E000000000000000101000000040000803FFFFFFFFF00000000FF00FF00FFFF8180803B, StartTime=2016.04.11-21.29.33, Duration=244.424057, RunGuid=RunID55C479FF4A75A92109247CACC4E2EBBA
DDCTransactionIdDCB6F0264B4FC6D40C099C8421310F57_1, PutCachedData=, CacheKey=TEXTURE_814DCC3DC72143F49509781513CB9855_AutoDXT_FCC61AA54D44D8EF656D378811DBF__87613AE3F1D045D3A280BCA7F31AA053A08D7E81, StartTime=2016.04.11-21.29.34, HierarchicalDDC=, DataSize=4194569, Duration=9.338260, RunGuid=RunID55C479FF4A75A92109247CACC4E2EBBA
DDCTransactionIdA6920936470C39A241D8D1A5EC1176D7_1, PutCachedData=, CacheKey=TEXTURE_814DCC3DC72143F49509781513CB9855_AutoDXT_FCC61AA54D44D8EF656D378811DBF__A4E05701913C5369C696540821C89F076F4D9A21, StartTime=2016.04.11-21.29.34, HierarchicalDDC=, DataSize=1048841, Duration=5.114000, RunGuid=RunID55C479FF4A75A92109247CACC4E2EBBA
DDCTransactionIdC85FD47E4D4F5DEF43F5068218F8E5D8_2, PutCachedData=, CacheKey=TEXTURE_814DCC3DC72143F49509781513CB9855_AutoDXT_FCC61AA54D44D8EF656D378811DBF__410A07A948BB986C937438AA3D5B7FEDDEDD3CFE, StartTime=2016.04.11-21.29.34, HierarchicalDDC=, DataSize=262407, Duration=3.223874, RunGuid=RunID55C479FF4A75A92109247CACC4E2EBBA
DDCTransactionIdC85FD47E4D4F5DEF43F5068218F8E5D8_3, PutCachedData=, CacheKey=TEXTURE_814DCC3DC72143F49509781513CB9855_AutoDXT_FCC61AA54D44D8EF656D378811DBF__85F05988C22F7ED69CFF3E0393CB05A64470CFD0, StartTime=2016.04.11-21.29.34, HierarchicalDDC=, DataSize=65799, Duration=2.042584, RunGuid=RunID55C479FF4A75A92109247CACC4E2EBBA
DDCTransactionIdA6920936470C39A241D8D1A5EC1176D7_2, PutCachedData=, CacheKey=TEXTURE_814DCC3DC72143F49509781513CB9855_AutoDXT_FCC61AA54D44D8EF656D378811DBF__9EDE017678410CA6C3E766026DAE3587F650B8DD, StartTime=2016.04.11-21.29.34, HierarchicalDDC=, DataSize=16647, Duration=2.206709, RunGuid=RunID55C479FF4A75A92109247CACC4E2EBBA
DDCTransactionIdC85FD47E4D4F5DEF43F5068218F8E5D8_4, PutCachedData=, CacheKey=TEXTURE_814DCC3DC72143F49509781513CB9855_AutoDXT_FCC61AA54D44D8EF656D378811DBF__4F6B8B62CBBE06A54A9AEBC57D15085B511C8825, StartTime=2016.04.11-21.29.34, HierarchicalDDC=, DataSize=7493, Duration=2.025232, RunGuid=RunID55C479FF4A75A92109247CACC4E2EBBA
DDCTransactionIdF1395CF5419A0746F1C38FB6416A196A_1, BuildTexture=, CacheKey=TEXTURE_814DCC3DC72143F49509781513CB9855_AutoDXT_0637550140B54DFF0E3774B0513D1A02_07_0000803F0000803F0000803F000000000000803F00000000000000000000803F0000000000000000020000000E000000000000000101000000040000803FFFFFFFFF00000000FF00FF00FFFF8180803B, StartTime=2016.04.11-21.29.34, Duration=22.540394, RunGuid=RunID55C479FF4A75A92109247CACC4E2EBBA
DDCTransactionIdA6920936470C39A241D8D1A5EC1176D7_3, PutCachedData=, CacheKey=TEXTURE_814DCC3DC72143F49509781513CB9855_AutoDXT_0637550140B54DFF0E3774B0513D1__08E2813C7261707CC6D43C4A0B10D24C1D039FDC, StartTime=2016.04.11-21.29.34, HierarchicalDDC=, DataSize=262407, Duration=2.327882, RunGuid=RunID55C479FF4A75A92109247CACC4E2EBBA
DDCTransactionIdDCB6F0264B4FC6D40C099C8421310F57_2, PutCachedData=, CacheKey=TEXTURE_814DCC3DC72143F49509781513CB9855_AutoDXT_0637550140B54DFF0E3774B0513D1__AC15F73385D4FAB0A18D006ED5AA2EE53F54D2FE, StartTime=2016.04.11-21.29.34, HierarchicalDDC=, DataSize=65799, Duration=2.383348, RunGuid=RunID55C479FF4A75A92109247CACC4E2EBBA
DDCTransactionIdC85FD47E4D4F5DEF43F5068218F8E5D8_5, PutCachedData=, CacheKey=TEXTURE_814DCC3DC72143F49509781513CB9855_AutoDXT_0637550140B54DFF0E3774B0513D1__FC76ED936FADCAD544583E4167FF52A620E660B7, StartTime=2016.04.11-21.29.34, HierarchicalDDC=, DataSize=16647, Duration=2.896197, RunGuid=RunID55C479FF4A75A92109247CACC4E2EBBA
DDCTransactionIdA6920936470C39A241D8D1A5EC1176D7_4, PutCachedData=, CacheKey=TEXTURE_814DCC3DC72143F49509781513CB9855_AutoDXT_0637550140B54DFF0E3774B0513D1__430217945C0EF7CFE1091B623467E0108975D09A, StartTime=2016.04.11-21.29.34, HierarchicalDDC=, DataSize=6899, Duration=2.095495, RunGuid=RunID55C479FF4A75A92109247CACC4E2EBBA
DDCTransactionIdF1395CF5419A0746F1C38FB6416A196A_2, BuildTexture=, CacheKey=TEXTURE_814DCC3DC72143F49509781513CB9855_AutoDXT_85582CBC4EF9C7F5FCE3119013541F3B_07_0000803F0000803F0000803F000000000000803F00000000000000000000803F0000000000000000020000000E000000000000000101000000040000803FFFFFFFFF00000000FF00FF00FFFF8180803B, StartTime=2016.04.11-21.29.34, Duration=52.275768, RunGuid=RunID55C479FF4A75A92109247CACC4E2EBBA
DDCTransactionIdDCB6F0264B4FC6D40C099C8421310F57_3, PutCachedData=, CacheKey=TEXTURE_814DCC3DC72143F49509781513CB9855_AutoDXT_85582CBC4EF9C7F5FCE3119013541__A85C5DAEAAA5B5A0B0B1000550D476567624E683, StartTime=2016.04.11-21.29.34, HierarchicalDDC=, DataSize=262407, Duration=2.323333, RunGuid=RunID55C479FF4A75A92109247CACC4E2EBBA
DDCTransactionIdC85FD47E4D4F5DEF43F5068218F8E5D8_6, PutCachedData=, CacheKey=TEXTURE_814DCC3DC72143F49509781513CB9855_AutoDXT_85582CBC4EF9C7F5FCE3119013541__1DD5951B31AE369651EF034E2C8467D4A588E8C8, StartTime=2016.04.11-21.29.34, HierarchicalDDC=, DataSize=65799, Duration=2.557140, RunGuid=RunID55C479FF4A75A92109247CACC4E2EBBA
DDCTransactionIdA6920936470C39A241D8D1A5EC1176D7_5, PutCachedData=, CacheKey=TEXTURE_814DCC3DC72143F49509781513CB9855_AutoDXT_85582CBC4EF9C7F5FCE3119013541__586EBE614CA2920A9994B54114C822FD5E209EAC, StartTime=2016.04.11-21.29.34, HierarchicalDDC=, DataSize=16647, Duration=2.146691, RunGuid=RunID55C479FF4A75A92109247CACC4E2EBBA
DDCTransactionIdF1395CF5419A0746F1C38FB6416A196A_3, BuildTexture=, CacheKey=TEXTURE_814DCC3DC72143F49509781513CB9855_AutoDXT_3B49FB8440BB77329B10B7AC23310C36_07_0000803F0000803F0000803F000000000000803F00000000000000000000803F0000000000000000020000000E000000000000000101000000040000803FFFFFFFFF00000000FF00FF00FFFF8180803B, StartTime=2016.04.11-21.29.34, Duration=20.613865, RunGuid=RunID55C479FF4A75A92109247CACC4E2EBBA
DDCTransactionIdA6920936470C39A241D8D1A5EC1176D7_6, PutCachedData=, CacheKey=TEXTURE_814DCC3DC72143F49509781513CB9855_AutoDXT_85582CBC4EF9C7F5FCE3119013541__9708B9D9750366EECD75A65F0FB4F70ECDEE383F, StartTime=2016.04.11-21.29.34, HierarchicalDDC=, DataSize=6899, Duration=1.566142, RunGuid=RunID55C479FF4A75A92109247CACC4E2EBBA
DDCTransactionIdDCB6F0264B4FC6D40C099C8421310F57_4, PutCachedData=, CacheKey=TEXTURE_814DCC3DC72143F49509781513CB9855_AutoDXT_3B49FB8440BB77329B10B7AC23310__C9D1B13539798477F8E7F2EF3164A92844915B51, StartTime=2016.04.11-21.29.34, HierarchicalDDC=, DataSize=262407, Duration=2.356894, RunGuid=RunID55C479FF4A75A92109247CACC4E2EBBA
DDCTransactionIdC85FD47E4D4F5DEF43F5068218F8E5D8_7, PutCachedData=, CacheKey=TEXTURE_814DCC3DC72143F49509781513CB9855_AutoDXT_3B49FB8440BB77329B10B7AC23310__BEDF53429AD6C81883409903D8749DDD6BD93ABE, StartTime=2016.04.11-21.29.34, HierarchicalDDC=, DataSize=65799, Duration=2.238851, RunGuid=RunID55C479FF4A75A92109247CACC4E2EBBA
DDCTransactionIdA6920936470C39A241D8D1A5EC1176D7_7, PutCachedData=, CacheKey=TEXTURE_814DCC3DC72143F49509781513CB9855_AutoDXT_3B49FB8440BB77329B10B7AC23310__D3D5AAA3C97D549C4DBE1BBB969244F59EA9CB4A, StartTime=2016.04.11-21.29.34, HierarchicalDDC=, DataSize=16647, Duration=4.270058, RunGuid=RunID55C479FF4A75A92109247CACC4E2EBBA
DDCTransactionIdC85FD47E4D4F5DEF43F5068218F8E5D8_8, PutCachedData=, CacheKey=TEXTURE_814DCC3DC72143F49509781513CB9855_AutoDXT_3B49FB8440BB77329B10B7AC23310__DA29D78144BAABF5DB6E0B096C8D4FA549C582E3, StartTime=2016.04.11-21.29.34, HierarchicalDDC=, DataSize=6899, Duration=2.343524, RunGuid=RunID55C479FF4A75A92109247CACC4E2EBBA
DDCTransactionIdF1395CF5419A0746F1C38FB6416A196A_4, BuildTexture=, CacheKey=TEXTURE_814DCC3DC72143F49509781513CB9855_AutoDXT_A03B9EE04E2559B803511482D019E20C_07_0000803F0000803F0000803F000000000000803F00000000000000000000803F0000000000000000020000000E000000000000000101000000040000803FFFFFFFFF00000000FF00FF00FFFF8180803B, StartTime=2016.04.11-21.29.34, Duration=47.402412, RunGuid=RunID55C479FF4A75A92109247CACC4E2EBBA
DDCTransactionIdDCB6F0264B4FC6D40C099C8421310F57_5, PutCachedData=, CacheKey=TEXTURE_814DCC3DC72143F49509781513CB9855_AutoDXT_A03B9EE04E2559B803511482D019E__7916AB8D47648AE2B27B11F498495E01A5B633C6, StartTime=2016.04.11-21.29.34, HierarchicalDDC=, DataSize=262407, Duration=2.523296, RunGuid=RunID55C479FF4A75A92109247CACC4E2EBBA
DDCTransactionIdA6920936470C39A241D8D1A5EC1176D7_8, PutCachedData=, CacheKey=TEXTURE_814DCC3DC72143F49509781513CB9855_AutoDXT_A03B9EE04E2559B803511482D019E__400D2D6636828C422BE19C155B9870CBB9A2634C, StartTime=2016.04.11-21.29.34, HierarchicalDDC=, DataSize=65799, Duration=2.349500, RunGuid=RunID55C479FF4A75A92109247CACC4E2EBBA
DDCTransactionIdC85FD47E4D4F5DEF43F5068218F8E5D8_9, PutCachedData=, CacheKey=TEXTURE_814DCC3DC72143F49509781513CB9855_AutoDXT_A03B9EE04E2559B803511482D019E__B3AEFC9589E30BCE16256860D717C7B40732D7A9, StartTime=2016.04.11-21.29.34, HierarchicalDDC=, DataSize=16647, Duration=2.361164, RunGuid=RunID55C479FF4A75A92109247CACC4E2EBBA
DDCTransactionIdF1395CF5419A0746F1C38FB6416A196A_5, BuildTexture=, CacheKey=TEXTURE_814DCC3DC72143F49509781513CB9855_AutoDXT_965C81094C7BE9379620C1A854902621_07_0000803F0000803F0000803F000000000000803F00000000000000000000803F0000000000000000020000000E000000000000000101000000040000803FFFFFFFFF00000000FF00FF00FFFF8180803B, StartTime=2016.04.11-21.29.34, Duration=0.296392, RunGuid=RunID55C479FF4A75A92109247CACC4E2EBBA
DDCTransactionIdA6920936470C39A241D8D1A5EC1176D7_9, PutCachedData=, CacheKey=TEXTURE_814DCC3DC72143F49509781513CB9855_AutoDXT_A03B9EE04E2559B803511482D019E__FF61AB39822DD0D070B633A798A1843CB932A491, StartTime=2016.04.11-21.29.34, HierarchicalDDC=, DataSize=6899, Duration=1.815028, RunGuid=RunID55C479FF4A75A92109247CACC4E2EBBA
DDCTransactionIdC85FD47E4D4F5DEF43F5068218F8E5D8_10, PutCachedData=, CacheKey=TEXTURE_814DCC3DC72143F49509781513CB9855_AutoDXT_965C81094C7BE9379620C1A854902__A176B28499593E98E98D3534A7505C2E9373133C, StartTime=2016.04.11-21.29.34, HierarchicalDDC=, DataSize=6014, Duration=1.969770, RunGuid=RunID55C479FF4A75A92109247CACC4E2EBBA
DDCTransactionIdF1395CF5419A0746F1C38FB6416A196A_6, BuildTexture=, CacheKey=TEXTURE_814DCC3DC72143F49509781513CB9855_DXT1_DA04887042CDFCC269474A88633B1180_07_0000803F0000803F0000803F000000000000803F00000000000000000000803F0000000000000000020000000E000000000000000101000000040000803FFFFFFFFF00000000FF00FF00FFFF8180803B, StartTime=2016.04.11-21.29.34, Duration=157.688324, RunGuid=RunID55C479FF4A75A92109247CACC4E2EBBA
DDCTransactionIdDCB6F0264B4FC6D40C099C8421310F57_6, PutCachedData=, CacheKey=TEXTURE_814DCC3DC72143F49509781513CB9855_DXT1_DA04887042CDFCC269474A88633B1180__333F41591BE2663E92B809F2D2879818F49A1402, StartTime=2016.04.11-21.29.34, HierarchicalDDC=, DataSize=2097414, Duration=6.797049, RunGuid=RunID55C479FF4A75A92109247CACC4E2EBBA
DDCTransactionIdA6920936470C39A241D8D1A5EC1176D7_10, PutCachedData=, CacheKey=TEXTURE_814DCC3DC72143F49509781513CB9855_DXT1_DA04887042CDFCC269474A88633B1180__AAAEFE1374294240E5A3851C515E5CEADE390BBF, StartTime=2016.04.11-21.29.34, HierarchicalDDC=, DataSize=524550, Duration=3.472481, RunGuid=RunID55C479FF4A75A92109247CACC4E2EBBA
DDCTransactionIdC85FD47E4D4F5DEF43F5068218F8E5D8_11, PutCachedData=, CacheKey=TEXTURE_814DCC3DC72143F49509781513CB9855_DXT1_DA04887042CDFCC269474A88633B1180__6DF5F9F91563440B984FA6386A555E49A54E338C, StartTime=2016.04.11-21.29.34, HierarchicalDDC=, DataSize=131332, Duration=4.857145, RunGuid=RunID55C479FF4A75A92109247CACC4E2EBBA
DDCTransactionIdA6920936470C39A241D8D1A5EC1176D7_11, PutCachedData=, CacheKey=TEXTURE_814DCC3DC72143F49509781513CB9855_DXT1_DA04887042CDFCC269474A88633B1180__A00691F439A88FCEEAF0CC58B11A96A827900C86, StartTime=2016.04.11-21.29.34, HierarchicalDDC=, DataSize=33028, Duration=3.983054, RunGuid=RunID55C479FF4A75A92109247CACC4E2EBBA
DDCTransactionIdF1395CF5419A0746F1C38FB6416A196A_7, BuildTexture=, CacheKey=TEXTURE_814DCC3DC72143F49509781513CB9855_DXT1_5C1BDEE7458DBBA9E145CB999E118EF4_07_0000803F0000803F0000803F000000000000803F00000000000000000000803F0000000000000000020000000E000000000000000101000000040000803FFFFFFFFF00000000FF00FF00FFFF8180803B, StartTime=2016.04.11-21.29.34, Duration=10.540884, RunGuid=RunID55C479FF4A75A92109247CACC4E2EBBA
DDCTransactionIdC85FD47E4D4F5DEF43F5068218F8E5D8_12, PutCachedData=, CacheKey=TEXTURE_814DCC3DC72143F49509781513CB9855_DXT1_DA04887042CDFCC269474A88633B1180__6384F365CE4DBF7A7BAF304A56D252033252C7D1, StartTime=2016.04.11-21.29.34, HierarchicalDDC=, DataSize=8452, Duration=3.236677, RunGuid=RunID55C479FF4A75A92109247CACC4E2EBBA
DDCTransactionIdDCB6F0264B4FC6D40C099C8421310F57_7, PutCachedData=, CacheKey=TEXTURE_814DCC3DC72143F49509781513CB9855_DXT1_DA04887042CDFCC269474A88633B1180__241BA9CDD5A5F7872709212D0327EED5DF8D0D43, StartTime=2016.04.11-21.29.34, HierarchicalDDC=, DataSize=4731, Duration=1.873624, RunGuid=RunID55C479FF4A75A92109247CACC4E2EBBA
DDCTransactionIdA6920936470C39A241D8D1A5EC1176D7_12, PutCachedData=, CacheKey=TEXTURE_814DCC3DC72143F49509781513CB9855_DXT1_5C1BDEE7458DBBA9E145CB999E118EF4__59DB06E4464A1E16E13921E7B66A61FC82D86E74, StartTime=2016.04.11-21.29.34, HierarchicalDDC=, DataSize=131332, Duration=2.728943, RunGuid=RunID55C479FF4A75A92109247CACC4E2EBBA
DDCTransactionIdDCB6F0264B4FC6D40C099C8421310F57_8, PutCachedData=, CacheKey=TEXTURE_814DCC3DC72143F49509781513CB9855_DXT1_5C1BDEE7458DBBA9E145CB999E118EF4__8A516B970B5895AA3D03CCEEE6D62ACB6EEF18C6, StartTime=2016.04.11-21.29.34, HierarchicalDDC=, DataSize=33028, Duration=2.478920, RunGuid=RunID55C479FF4A75A92109247CACC4E2EBBA
DDCTransactionIdC85FD47E4D4F5DEF43F5068218F8E5D8_13, PutCachedData=, CacheKey=TEXTURE_814DCC3DC72143F49509781513CB9855_DXT1_5C1BDEE7458DBBA9E145CB999E118EF4__4E22F6860691BA2C3566BCF2FD6B6B8177E6B646, StartTime=2016.04.11-21.29.34, HierarchicalDDC=, DataSize=8452, Duration=2.775595, RunGuid=RunID55C479FF4A75A92109247CACC4E2EBBA
DDCTransactionIdDCB6F0264B4FC6D40C099C8421310F57_9, PutCachedData=, CacheKey=TEXTURE_814DCC3DC72143F49509781513CB9855_DXT1_5C1BDEE7458DBBA9E145CB999E118EF4__DFBF76EDBCC48EA730CED2C5B8A3B985D0B8B5E0, StartTime=2016.04.11-21.29.34, HierarchicalDDC=, DataSize=4143, Duration=1.794834, RunGuid=RunID55C479FF4A75A92109247CACC4E2EBBA
DDCTransactionIdF1395CF5419A0746F1C38FB6416A196A_8, BuildTexture=, CacheKey=TEXTURE_814DCC3DC72143F49509781513CB9855_DXT1_6959BF7B4AC1618729390AB5E89615B1_07_0000803F0000803F0000803F000000000000803F00000000000000000000803F0000000000000000020000000E000000000000000101000000040000803FFFFFFFFF00000000FF00FF00FFFF8180803B, StartTime=2016.04.11-21.29.34, Duration=24.030876, RunGuid=RunID55C479FF4A75A92109247CACC4E2EBBA
DDCTransactionIdA6920936470C39A241D8D1A5EC1176D7_13, PutCachedData=, CacheKey=TEXTURE_814DCC3DC72143F49509781513CB9855_DXT1_6959BF7B4AC1618729390AB5E89615B1__339A67548754EF3C8CFFCCE67A29A8F9DD1CB009, StartTime=2016.04.11-21.29.34, HierarchicalDDC=, DataSize=131332, Duration=2.715290, RunGuid=RunID55C479FF4A75A92109247CACC4E2EBBA
DDCTransactionIdC85FD47E4D4F5DEF43F5068218F8E5D8_14, PutCachedData=, CacheKey=TEXTURE_814DCC3DC72143F49509781513CB9855_DXT1_6959BF7B4AC1618729390AB5E89615B1__8E3007A813626A9AC58CEB09CC83B2D7CF9AA0A0, StartTime=2016.04.11-21.29.34, HierarchicalDDC=, DataSize=33028, Duration=3.909953, RunGuid=RunID55C479FF4A75A92109247CACC4E2EBBA
DDCTransactionIdDCB6F0264B4FC6D40C099C8421310F57_10, PutCachedData=, CacheKey=TEXTURE_814DCC3DC72143F49509781513CB9855_DXT1_6959BF7B4AC1618729390AB5E89615B1__139E24D76F62FC590B8693BA321AECABF178DED3, StartTime=2016.04.11-21.29.34, HierarchicalDDC=, DataSize=8452, Duration=2.231740, RunGuid=RunID55C479FF4A75A92109247CACC4E2EBBA
DDCTransactionIdF1395CF5419A0746F1C38FB6416A196A_9, BuildTexture=, CacheKey=TEXTURE_814DCC3DC72143F49509781513CB9855_DXT1_F48516654B91429EF331558F7243EBEA_07_0000803F0000803F0000803F000000000000803F00000000000000000000803F0000000000000000020000000E000000000000000101000000040000803FFFFFFFFF00000000FF00FF00FFFF8180803B, StartTime=2016.04.11-21.29.34, Duration=11.287548, RunGuid=RunID55C479FF4A75A92109247CACC4E2EBBA
DDCTransactionIdDCB6F0264B4FC6D40C099C8421310F57_11, PutCachedData=, CacheKey=TEXTURE_814DCC3DC72143F49509781513CB9855_DXT1_6959BF7B4AC1618729390AB5E89615B1__A8D35947649287DBE879E4D74B70C0A0FF896FD1, StartTime=2016.04.11-21.29.34, HierarchicalDDC=, DataSize=4143, Duration=2.018124, RunGuid=RunID55C479FF4A75A92109247CACC4E2EBBA
DDCTransactionIdA6920936470C39A241D8D1A5EC1176D7_14, PutCachedData=, CacheKey=TEXTURE_814DCC3DC72143F49509781513CB9855_DXT1_F48516654B91429EF331558F7243EBEA__170B4E82D2342DA1969873FE96372720F7A8DB19, StartTime=2016.04.11-21.29.34, HierarchicalDDC=, DataSize=131332, Duration=3.044106, RunGuid=RunID55C479FF4A75A92109247CACC4E2EBBA
DDCTransactionIdC85FD47E4D4F5DEF43F5068218F8E5D8_15, PutCachedData=, CacheKey=TEXTURE_814DCC3DC72143F49509781513CB9855_DXT1_F48516654B91429EF331558F7243EBEA__F71036E87876A9E94CD42BCEC18A32ADB83BA07E, StartTime=2016.04.11-21.29.34, HierarchicalDDC=, DataSize=33028, Duration=2.617158, RunGuid=RunID55C479FF4A75A92109247CACC4E2EBBA
DDCTransactionIdDCB6F0264B4FC6D40C099C8421310F57_12, PutCachedData=, CacheKey=TEXTURE_814DCC3DC72143F49509781513CB9855_DXT1_F48516654B91429EF331558F7243EBEA__9174E9942C7982073FADFDFECC7D8EB62BCC079C, StartTime=2016.04.11-21.29.34, HierarchicalDDC=, DataSize=8452, Duration=2.602086, RunGuid=RunID55C479FF4A75A92109247CACC4E2EBBA
DDCTransactionIdC85FD47E4D4F5DEF43F5068218F8E5D8_16, PutCachedData=, CacheKey=TEXTURE_814DCC3DC72143F49509781513CB9855_DXT1_F48516654B91429EF331558F7243EBEA__ED03BE6C057916524D6BA981CCEDF1DE8DB998FF, StartTime=2016.04.11-21.29.34, HierarchicalDDC=, DataSize=4143, Duration=1.564719, RunGuid=RunID55C479FF4A75A92109247CACC4E2EBBA
DDCTransactionIdF1395CF5419A0746F1C38FB6416A196A_10, BuildTexture=, CacheKey=TEXTURE_814DCC3DC72143F49509781513CB9855_DXT1_29F1D71B49D4E143AAF472B1358D5E86_07_0000803F0000803F0000803F000000000000803F00000000000000000000803F0000000000000000020000000E000000000000000101000000040000803FFFFFFFFF00000000FF00FF00FFFF8180803B, StartTime=2016.04.11-21.29.34, Duration=20.735319, RunGuid=RunID55C479FF4A75A92109247CACC4E2EBBA
DDCTransactionIdDCB6F0264B4FC6D40C099C8421310F57_13, PutCachedData=, CacheKey=TEXTURE_814DCC3DC72143F49509781513CB9855_DXT1_29F1D71B49D4E143AAF472B1358D5E86__5ACEB2096399EAABE1B62F8275FD11ED8A688079, StartTime=2016.04.11-21.29.34, HierarchicalDDC=, DataSize=131332, Duration=2.153233, RunGuid=RunID55C479FF4A75A92109247CACC4E2EBBA
DDCTransactionIdA6920936470C39A241D8D1A5EC1176D7_15, PutCachedData=, CacheKey=TEXTURE_814DCC3DC72143F49509781513CB9855_DXT1_29F1D71B49D4E143AAF472B1358D5E86__6DED7649F560F22AC1A1563E25311CE0E74DB59B, StartTime=2016.04.11-21.29.34, HierarchicalDDC=, DataSize=33028, Duration=2.594974, RunGuid=RunID55C479FF4A75A92109247CACC4E2EBBA
DDCTransactionIdC85FD47E4D4F5DEF43F5068218F8E5D8_17, PutCachedData=, CacheKey=TEXTURE_814DCC3DC72143F49509781513CB9855_DXT1_29F1D71B49D4E143AAF472B1358D5E86__59ED342C1C076429C71867B1E35052B80B155CCB, StartTime=2016.04.11-21.29.34, HierarchicalDDC=, DataSize=8452, Duration=2.714153, RunGuid=RunID55C479FF4A75A92109247CACC4E2EBBA
DDCTransactionIdF1395CF5419A0746F1C38FB6416A196A_11, BuildTexture=, CacheKey=TEXTURE_814DCC3DC72143F49509781513CB9855_DXT1_D426BD0E437CF86378CAD49EDB906B73_07_0000803F0000803F0000803F000000000000803F00000000000000000000803F0000000000000000020000000E000000000000000101000000040000803FFFFFFFFF00000000FF00FF00FFFF8180803B, StartTime=2016.04.11-21.29.34, Duration=2.723828, RunGuid=RunID55C479FF4A75A92109247CACC4E2EBBA
DDCTransactionIdDCB6F0264B4FC6D40C099C8421310F57_14, PutCachedData=, CacheKey=TEXTURE_814DCC3DC72143F49509781513CB9855_DXT1_29F1D71B49D4E143AAF472B1358D5E86__5B446C823111FF7B71B399931E2A438BA7E8F3B8, StartTime=2016.04.11-21.29.34, HierarchicalDDC=, DataSize=4143, Duration=1.674797, RunGuid=RunID55C479FF4A75A92109247CACC4E2EBBA
DDCTransactionIdA6920936470C39A241D8D1A5EC1176D7_16, PutCachedData=, CacheKey=TEXTURE_814DCC3DC72143F49509781513CB9855_DXT1_D426BD0E437CF86378CAD49EDB906B73__4543D8C890B23F41CD8AF58B992E67BF4A2DE5EC, StartTime=2016.04.11-21.29.34, HierarchicalDDC=, DataSize=3267, Duration=1.750749, RunGuid=RunID55C479FF4A75A92109247CACC4E2EBBA
DDCTransactionIdF1395CF5419A0746F1C38FB6416A196A_12, BuildTexture=, CacheKey=TEXTURE_814DCC3DC72143F49509781513CB9855_AutoDXT_F691E1664CEC4612B4E9168CCA0D8339_07_0000803F0000803F0000803F000000000000803F00000000000000000000803F0000000000000000020000000E000000000000000101000000040000803FFFFFFFFF00000000FF00FF00FFFF8180803B, StartTime=2016.04.11-21.29.34, Duration=128.381317, RunGuid=RunID55C479FF4A75A92109247CACC4E2EBBA
DDCTransactionIdC85FD47E4D4F5DEF43F5068218F8E5D8_18, PutCachedData=, CacheKey=TEXTURE_814DCC3DC72143F49509781513CB9855_AutoDXT_F691E1664CEC4612B4E9168CCA0D8__1DC72A106B51F48DA6E5BA829F06016577366E19, StartTime=2016.04.11-21.29.34, HierarchicalDDC=, DataSize=2097417, Duration=5.033501, RunGuid=RunID55C479FF4A75A92109247CACC4E2EBBA
DDCTransactionIdDCB6F0264B4FC6D40C099C8421310F57_15, PutCachedData=, CacheKey=TEXTURE_814DCC3DC72143F49509781513CB9855_AutoDXT_F691E1664CEC4612B4E9168CCA0D8__A2F5898D75072283B5630B047BB3875277F85095, StartTime=2016.04.11-21.29.34, HierarchicalDDC=, DataSize=524552, Duration=3.212497, RunGuid=RunID55C479FF4A75A92109247CACC4E2EBBA
DDCTransactionIdA6920936470C39A241D8D1A5EC1176D7_17, PutCachedData=, CacheKey=TEXTURE_814DCC3DC72143F49509781513CB9855_AutoDXT_F691E1664CEC4612B4E9168CCA0D8__105803334C6A9A7F89262E3ADC0BFEC3EB9431DF, StartTime=2016.04.11-21.29.34, HierarchicalDDC=, DataSize=131335, Duration=3.409330, RunGuid=RunID55C479FF4A75A92109247CACC4E2EBBA
DDCTransactionIdDCB6F0264B4FC6D40C099C8421310F57_16, PutCachedData=, CacheKey=TEXTURE_814DCC3DC72143F49509781513CB9855_AutoDXT_F691E1664CEC4612B4E9168CCA0D8__6D95E472B9D2925BAF4E99B6B6EE8715C0DFCF9E, StartTime=2016.04.11-21.29.34, HierarchicalDDC=, DataSize=33031, Duration=2.140433, RunGuid=RunID55C479FF4A75A92109247CACC4E2EBBA
DDCTransactionIdF1395CF5419A0746F1C38FB6416A196A_13, BuildTexture=, CacheKey=TEXTURE_814DCC3DC72143F49509781513CB9855_AutoDXT_66DF22994658F703C1922481D36C256C_07_0000803F0000803F0000803F000000000000803F00000000000000000000803F0000000000000000020000000E000000000000000101000000040000803FFFFFFFFF00000000FF00FF00FFFF8180803B, StartTime=2016.04.11-21.29.34, Duration=11.083886, RunGuid=RunID55C479FF4A75A92109247CACC4E2EBBA
DDCTransactionIdA6920936470C39A241D8D1A5EC1176D7_18, PutCachedData=, CacheKey=TEXTURE_814DCC3DC72143F49509781513CB9855_AutoDXT_F691E1664CEC4612B4E9168CCA0D8__E14473DB4E7F9F14C486D2945BDDABCC1435B47C, StartTime=2016.04.11-21.29.34, HierarchicalDDC=, DataSize=8454, Duration=2.446495, RunGuid=RunID55C479FF4A75A92109247CACC4E2EBBA
DDCTransactionIdC85FD47E4D4F5DEF43F5068218F8E5D8_19, PutCachedData=, CacheKey=TEXTURE_814DCC3DC72143F49509781513CB9855_AutoDXT_F691E1664CEC4612B4E9168CCA0D8__9C4DF739CB17E78B1EE3C7A860686EFFBDD8AFDD, StartTime=2016.04.11-21.29.34, HierarchicalDDC=, DataSize=4771, Duration=2.273269, RunGuid=RunID55C479FF4A75A92109247CACC4E2EBBA
DDCTransactionIdDCB6F0264B4FC6D40C099C8421310F57_17, PutCachedData=, CacheKey=TEXTURE_814DCC3DC72143F49509781513CB9855_AutoDXT_66DF22994658F703C1922481D36C2__21D0167FBF7EF9C26FB041C99471181829CC6E1A, StartTime=2016.04.11-21.29.34, HierarchicalDDC=, DataSize=131335, Duration=2.258193, RunGuid=RunID55C479FF4A75A92109247CACC4E2EBBA
DDCTransactionIdA6920936470C39A241D8D1A5EC1176D7_19, PutCachedData=, CacheKey=TEXTURE_814DCC3DC72143F49509781513CB9855_AutoDXT_66DF22994658F703C1922481D36C2__723229BE0F4D5C3F0E58857EFDB3DE4B0F5D1CAA, StartTime=2016.04.11-21.29.34, HierarchicalDDC=, DataSize=33031, Duration=2.407808, RunGuid=RunID55C479FF4A75A92109247CACC4E2EBBA
DDCTransactionIdC85FD47E4D4F5DEF43F5068218F8E5D8_20, PutCachedData=, CacheKey=TEXTURE_814DCC3DC72143F49509781513CB9855_AutoDXT_66DF22994658F703C1922481D36C2__841F03CF8DF4D383992D59E1C44BC68C7FC59FA1, StartTime=2016.04.11-21.29.34, HierarchicalDDC=, DataSize=8454, Duration=2.324753, RunGuid=RunID55C479FF4A75A92109247CACC4E2EBBA
DDCTransactionIdF1395CF5419A0746F1C38FB6416A196A_14, BuildTexture=, CacheKey=TEXTURE_814DCC3DC72143F49509781513CB9855_AutoDXT_6B8F2EF34CA49DAB0703D6AFE6FF0F32_07_0000803F0000803F0000803F000000000000803F00000000000000000000803F0000000000000000020000000E000000000000000101000000040000803FFFFFFFFF00000000FF00FF00FFFF8180803B, StartTime=2016.04.11-21.29.34, Duration=22.124823, RunGuid=RunID55C479FF4A75A92109247CACC4E2EBBA
DDCTransactionIdDCB6F0264B4FC6D40C099C8421310F57_18, PutCachedData=, CacheKey=TEXTURE_814DCC3DC72143F49509781513CB9855_AutoDXT_66DF22994658F703C1922481D36C2__ABE59B1DEDACE8914AD2EE653CF61B7DCAFE155D, StartTime=2016.04.11-21.29.34, HierarchicalDDC=, DataSize=4178, Duration=1.588047, RunGuid=RunID55C479FF4A75A92109247CACC4E2EBBA
DDCTransactionIdC85FD47E4D4F5DEF43F5068218F8E5D8_21, PutCachedData=, CacheKey=TEXTURE_814DCC3DC72143F49509781513CB9855_AutoDXT_6B8F2EF34CA49DAB0703D6AFE6FF0__5DD556C2B635B7B768FEFC476DD58665C363079E, StartTime=2016.04.11-21.29.34, HierarchicalDDC=, DataSize=131335, Duration=5.465288, RunGuid=RunID55C479FF4A75A92109247CACC4E2EBBA
DDCTransactionIdA6920936470C39A241D8D1A5EC1176D7_20, PutCachedData=, CacheKey=TEXTURE_814DCC3DC72143F49509781513CB9855_AutoDXT_6B8F2EF34CA49DAB0703D6AFE6FF0__B14E8DD63FBA2919418BAD97C19138E842396ACA, StartTime=2016.04.11-21.29.34, HierarchicalDDC=, DataSize=33031, Duration=2.086960, RunGuid=RunID55C479FF4A75A92109247CACC4E2EBBA
DDCTransactionIdDCB6F0264B4FC6D40C099C8421310F57_19, PutCachedData=, CacheKey=TEXTURE_814DCC3DC72143F49509781513CB9855_AutoDXT_6B8F2EF34CA49DAB0703D6AFE6FF0__A9645FAB4C068EDBCEC293CAD8002430CC2BC801, StartTime=2016.04.11-21.29.34, HierarchicalDDC=, DataSize=8454, Duration=1.996789, RunGuid=RunID55C479FF4A75A92109247CACC4E2EBBA
DDCTransactionIdF1395CF5419A0746F1C38FB6416A196A_15, BuildTexture=, CacheKey=TEXTURE_814DCC3DC72143F49509781513CB9855_AutoDXT_5FF64DDD451B8BCDED2A1890BFD71769_07_0000803F0000803F0000803F000000000000803F00000000000000000000803F0000000000000000020000000E000000000000000101000000040000803FFFFFFFFF00000000FF00FF00FFFF8180803B, StartTime=2016.04.11-21.29.34, Duration=10.896437, RunGuid=RunID55C479FF4A75A92109247CACC4E2EBBA
DDCTransactionIdDCB6F0264B4FC6D40C099C8421310F57_20, PutCachedData=, CacheKey=TEXTURE_814DCC3DC72143F49509781513CB9855_AutoDXT_6B8F2EF34CA49DAB0703D6AFE6FF0__0C41BEAEEBFCBED9A26B04775ECC6DBCAB6809CC, StartTime=2016.04.11-21.29.34, HierarchicalDDC=, DataSize=4178, Duration=1.522623, RunGuid=RunID55C479FF4A75A92109247CACC4E2EBBA
DDCTransactionIdA6920936470C39A241D8D1A5EC1176D7_21, PutCachedData=, CacheKey=TEXTURE_814DCC3DC72143F49509781513CB9855_AutoDXT_5FF64DDD451B8BCDED2A1890BFD71__00FD05398B4443CC02C42FC2A579BC72D9DE3114, StartTime=2016.04.11-21.29.34, HierarchicalDDC=, DataSize=131335, Duration=2.342671, RunGuid=RunID55C479FF4A75A92109247CACC4E2EBBA
DDCTransactionIdDCB6F0264B4FC6D40C099C8421310F57_21, PutCachedData=, CacheKey=TEXTURE_814DCC3DC72143F49509781513CB9855_AutoDXT_5FF64DDD451B8BCDED2A1890BFD71__BBFC4459EB5A178F228C1E75BB2D6D983538020B, StartTime=2016.04.11-21.29.34, HierarchicalDDC=, DataSize=33031, Duration=2.602086, RunGuid=RunID55C479FF4A75A92109247CACC4E2EBBA
DDCTransactionIdC85FD47E4D4F5DEF43F5068218F8E5D8_22, PutCachedData=, CacheKey=TEXTURE_814DCC3DC72143F49509781513CB9855_AutoDXT_5FF64DDD451B8BCDED2A1890BFD71__124EA2A0EF7AC79C4E2A1E83E8D26CA9F0FD3B65, StartTime=2016.04.11-21.29.34, HierarchicalDDC=, DataSize=8454, Duration=2.551168, RunGuid=RunID55C479FF4A75A92109247CACC4E2EBBA
DDCTransactionIdF1395CF5419A0746F1C38FB6416A196A_16, BuildTexture=, CacheKey=TEXTURE_814DCC3DC72143F49509781513CB9855_AutoDXT_CFB7EC7D4F43762F0B2AD785817719A0_07_0000803F0000803F0000803F000000000000803F00000000000000000000803F0000000000000000020000000E000000000000000101000000040000803FFFFFFFFF00000000FF00FF00FFFF8180803B, StartTime=2016.04.11-21.29.34, Duration=19.401281, RunGuid=RunID55C479FF4A75A92109247CACC4E2EBBA
DDCTransactionIdA6920936470C39A241D8D1A5EC1176D7_22, PutCachedData=, CacheKey=TEXTURE_814DCC3DC72143F49509781513CB9855_AutoDXT_5FF64DDD451B8BCDED2A1890BFD71__E3C2EF22543E2DAA175A9CBA1532EEFBFFE04A39, StartTime=2016.04.11-21.29.34, HierarchicalDDC=, DataSize=4178, Duration=2.026088, RunGuid=RunID55C479FF4A75A92109247CACC4E2EBBA
DDCTransactionIdC85FD47E4D4F5DEF43F5068218F8E5D8_23, PutCachedData=, CacheKey=TEXTURE_814DCC3DC72143F49509781513CB9855_AutoDXT_CFB7EC7D4F43762F0B2AD78581771__52265FF4AB69C10DFCC7C047369B5162BC34DEB6, StartTime=2016.04.11-21.29.34, HierarchicalDDC=, DataSize=131335, Duration=2.104875, RunGuid=RunID55C479FF4A75A92109247CACC4E2EBBA
DDCTransactionIdDCB6F0264B4FC6D40C099C8421310F57_22, PutCachedData=, CacheKey=TEXTURE_814DCC3DC72143F49509781513CB9855_AutoDXT_CFB7EC7D4F43762F0B2AD78581771__D2B7CF02F5F5305715A60E8E93D545F50F0C9F3E, StartTime=2016.04.11-21.29.34, HierarchicalDDC=, DataSize=33031, Duration=13.608035, RunGuid=RunID55C479FF4A75A92109247CACC4E2EBBA
DDCTransactionIdA6920936470C39A241D8D1A5EC1176D7_23, PutCachedData=, CacheKey=TEXTURE_814DCC3DC72143F49509781513CB9855_AutoDXT_CFB7EC7D4F43762F0B2AD78581771__C458CDE1C4EE5954FA55E8E5966AE50083974FEC, StartTime=2016.04.11-21.29.34, HierarchicalDDC=, DataSize=8454, Duration=2.006173, RunGuid=RunID55C479FF4A75A92109247CACC4E2EBBA
DDCTransactionIdF1395CF5419A0746F1C38FB6416A196A_17, BuildTexture=, CacheKey=TEXTURE_814DCC3DC72143F49509781513CB9855_AutoDXT_8B1190FA49F8F3E413A04E8B5E7FEB99_07_0000803F0000803F0000803F000000000000803F00000000000000000000803F0000000000000000020000000E000000000000000101000000040000803FFFFFFFFF00000000FF00FF00FFFF8180803B, StartTime=2016.04.11-21.29.34, Duration=2.038319, RunGuid=RunID55C479FF4A75A92109247CACC4E2EBBA
DDCTransactionIdA6920936470C39A241D8D1A5EC1176D7_24, PutCachedData=, CacheKey=TEXTURE_814DCC3DC72143F49509781513CB9855_AutoDXT_CFB7EC7D4F43762F0B2AD78581771__1BD73EE42D59471D40BF66CCA95F2F842ABEA042, StartTime=2016.04.11-21.29.34, HierarchicalDDC=, DataSize=4178, Duration=1.586623, RunGuid=RunID55C479FF4A75A92109247CACC4E2EBBA
DDCTransactionIdC85FD47E4D4F5DEF43F5068218F8E5D8_24, PutCachedData=, CacheKey=TEXTURE_814DCC3DC72143F49509781513CB9855_AutoDXT_8B1190FA49F8F3E413A04E8B5E7FE__CC7EB7DC3FE906F6692CEA5A823BB19AD03B7F2A, StartTime=2016.04.11-21.29.34, HierarchicalDDC=, DataSize=3294, Duration=1.786303, RunGuid=RunID55C479FF4A75A92109247CACC4E2EBBA
DDCTransactionIdF1395CF5419A0746F1C38FB6416A196A_18, BuildTexture=, CacheKey=TEXTURE_814DCC3DC72143F49509781513CB9855_G8_D4445C23415664733F85BBB4410A1AE4_07_0000803F0000803F0000803F000000000000803F00000000000000000000803F0000000000000000020000000E000000000000000101000000040000803FFFFFFFFF00000000FF00FF00FFFF8180803B, StartTime=2016.04.11-21.29.34, Duration=55.931145, RunGuid=RunID55C479FF4A75A92109247CACC4E2EBBA
DDCTransactionIdA6920936470C39A241D8D1A5EC1176D7_25, PutCachedData=, CacheKey=TEXTURE_814DCC3DC72143F49509781513CB9855_G8_D4445C23415664733F85BBB4410A1AE4_0__3082134D86D813C6B905D27F77A75B73F098CC75, StartTime=2016.04.11-21.29.34, HierarchicalDDC=, DataSize=2097412, Duration=4.698143, RunGuid=RunID55C479FF4A75A92109247CACC4E2EBBA
DDCTransactionIdC85FD47E4D4F5DEF43F5068218F8E5D8_25, PutCachedData=, CacheKey=TEXTURE_814DCC3DC72143F49509781513CB9855_G8_D4445C23415664733F85BBB4410A1AE4_0__77013C5CD9DED5B6A652BAEB37A9FCD37B7FEF21, StartTime=2016.04.11-21.29.34, HierarchicalDDC=, DataSize=524547, Duration=2.549179, RunGuid=RunID55C479FF4A75A92109247CACC4E2EBBA
DDCTransactionIdDCB6F0264B4FC6D40C099C8421310F57_23, PutCachedData=, CacheKey=TEXTURE_814DCC3DC72143F49509781513CB9855_G8_D4445C23415664733F85BBB4410A1AE4_0__1505D78BB505420C71593E4063820B290E0D0861, StartTime=2016.04.11-21.29.34, HierarchicalDDC=, DataSize=131330, Duration=3.575731, RunGuid=RunID55C479FF4A75A92109247CACC4E2EBBA
DDCTransactionIdF1395CF5419A0746F1C38FB6416A196A_19, BuildTexture=, CacheKey=TEXTURE_814DCC3DC72143F49509781513CB9855_G8_E03EF7034A3E160E97EF54952F52E70A_07_0000803F0000803F0000803F000000000000803F00000000000000000000803F0000000000000000020000000E000000000000000101000000040000803FFFFFFFFF00000000FF00FF00FFFF8180803B, StartTime=2016.04.11-21.29.34, Duration=3.558383, RunGuid=RunID55C479FF4A75A92109247CACC4E2EBBA
DDCTransactionIdC85FD47E4D4F5DEF43F5068218F8E5D8_26, PutCachedData=, CacheKey=TEXTURE_814DCC3DC72143F49509781513CB9855_G8_D4445C23415664733F85BBB4410A1AE4_0__8905B517C1D1AC3719CAFC6AA8B05B60EA505A74, StartTime=2016.04.11-21.29.34, HierarchicalDDC=, DataSize=33026, Duration=2.109997, RunGuid=RunID55C479FF4A75A92109247CACC4E2EBBA
DDCTransactionIdDCB6F0264B4FC6D40C099C8421310F57_24, PutCachedData=, CacheKey=TEXTURE_814DCC3DC72143F49509781513CB9855_G8_D4445C23415664733F85BBB4410A1AE4_0__5F27AEEC74A6734427506854360FBAA510921DEE, StartTime=2016.04.11-21.29.34, HierarchicalDDC=, DataSize=8449, Duration=1.889840, RunGuid=RunID55C479FF4A75A92109247CACC4E2EBBA
DDCTransactionIdA6920936470C39A241D8D1A5EC1176D7_26, PutCachedData=, CacheKey=TEXTURE_814DCC3DC72143F49509781513CB9855_G8_D4445C23415664733F85BBB4410A1AE4_0__0C78CB6227AF77E2C0CC421B2FD74D1BB72D2D44, StartTime=2016.04.11-21.29.34, HierarchicalDDC=, DataSize=4702, Duration=2.451044, RunGuid=RunID55C479FF4A75A92109247CACC4E2EBBA
DDCTransactionIdC85FD47E4D4F5DEF43F5068218F8E5D8_27, PutCachedData=, CacheKey=TEXTURE_814DCC3DC72143F49509781513CB9855_G8_E03EF7034A3E160E97EF54952F52E70A_0__D3CA446EB05373014525087587E4B2D0D8C76962, StartTime=2016.04.11-21.29.34, HierarchicalDDC=, DataSize=131330, Duration=2.444502, RunGuid=RunID55C479FF4A75A92109247CACC4E2EBBA
DDCTransactionIdF1395CF5419A0746F1C38FB6416A196A_20, BuildTexture=, CacheKey=TEXTURE_814DCC3DC72143F49509781513CB9855_G8_3B9D2AB645C849F5C66365BE2E6EA53B_07_0000803F0000803F0000803F000000000000803F00000000000000000000803F0000000000000000020000000E000000000000000101000000040000803FFFFFFFFF00000000FF00FF00FFFF8180803B, StartTime=2016.04.11-21.29.34, Duration=3.223021, RunGuid=RunID55C479FF4A75A92109247CACC4E2EBBA
DDCTransactionIdDCB6F0264B4FC6D40C099C8421310F57_25, PutCachedData=, CacheKey=TEXTURE_814DCC3DC72143F49509781513CB9855_G8_E03EF7034A3E160E97EF54952F52E70A_0__000483021559E02324C46CAEFFD62BDE35E12D28, StartTime=2016.04.11-21.29.34, HierarchicalDDC=, DataSize=33026, Duration=2.528127, RunGuid=RunID55C479FF4A75A92109247CACC4E2EBBA
DDCTransactionIdA6920936470C39A241D8D1A5EC1176D7_27, PutCachedData=, CacheKey=TEXTURE_814DCC3DC72143F49509781513CB9855_G8_E03EF7034A3E160E97EF54952F52E70A_0__A83056A82979C08112291B6DF9F159DE5BD51A0C, StartTime=2016.04.11-21.29.34, HierarchicalDDC=, DataSize=8449, Duration=2.284359, RunGuid=RunID55C479FF4A75A92109247CACC4E2EBBA
DDCTransactionIdC85FD47E4D4F5DEF43F5068218F8E5D8_28, PutCachedData=, CacheKey=TEXTURE_814DCC3DC72143F49509781513CB9855_G8_E03EF7034A3E160E97EF54952F52E70A_0__810C68837DA9847C201328E41A482C6F1AADB9D3, StartTime=2016.04.11-21.29.34, HierarchicalDDC=, DataSize=4119, Duration=2.400983, RunGuid=RunID55C479FF4A75A92109247CACC4E2EBBA
DDCTransactionIdDCB6F0264B4FC6D40C099C8421310F57_26, PutCachedData=, CacheKey=TEXTURE_814DCC3DC72143F49509781513CB9855_G8_3B9D2AB645C849F5C66365BE2E6EA53B_0__F452AA4ECF62F144A315A8C7E195A2337A37EF69, StartTime=2016.04.11-21.29.34, HierarchicalDDC=, DataSize=131330, Duration=2.517037, RunGuid=RunID55C479FF4A75A92109247CACC4E2EBBA
DDCTransactionIdA6920936470C39A241D8D1A5EC1176D7_28, PutCachedData=, CacheKey=TEXTURE_814DCC3DC72143F49509781513CB9855_G8_3B9D2AB645C849F5C66365BE2E6EA53B_0__79BBFCBBA1A62CA27ED7CA08F63761F99F0344B4, StartTime=2016.04.11-21.29.34, HierarchicalDDC=, DataSize=33026, Duration=1.984559, RunGuid=RunID55C479FF4A75A92109247CACC4E2EBBA
DDCTransactionIdF1395CF5419A0746F1C38FB6416A196A_21, BuildTexture=, CacheKey=TEXTURE_814DCC3DC72143F49509781513CB9855_G8_E958070C4E4F0F6EC998648415D8EA55_07_0000803F0000803F0000803F000000000000803F00000000000000000000803F0000000000000000020000000E000000000000000101000000040000803FFFFFFFFF00000000FF00FF00FFFF8180803B, StartTime=2016.04.11-21.29.34, Duration=3.375769, RunGuid=RunID55C479FF4A75A92109247CACC4E2EBBA
DDCTransactionIdC85FD47E4D4F5DEF43F5068218F8E5D8_29, PutCachedData=, CacheKey=TEXTURE_814DCC3DC72143F49509781513CB9855_G8_3B9D2AB645C849F5C66365BE2E6EA53B_0__C63C25F633B10387D1E94BB461D07C1E39C95E71, StartTime=2016.04.11-21.29.34, HierarchicalDDC=, DataSize=8449, Duration=2.006743, RunGuid=RunID55C479FF4A75A92109247CACC4E2EBBA
DDCTransactionIdA6920936470C39A241D8D1A5EC1176D7_29, PutCachedData=, CacheKey=TEXTURE_814DCC3DC72143F49509781513CB9855_G8_3B9D2AB645C849F5C66365BE2E6EA53B_0__9AF3328D7A0F74C77147A7C68673C329EF08B195, StartTime=2016.04.11-21.29.34, HierarchicalDDC=, DataSize=4119, Duration=1.954690, RunGuid=RunID55C479FF4A75A92109247CACC4E2EBBA
DDCTransactionIdDCB6F0264B4FC6D40C099C8421310F57_27, PutCachedData=, CacheKey=TEXTURE_814DCC3DC72143F49509781513CB9855_G8_E958070C4E4F0F6EC998648415D8EA55_0__D9819154D2DB4B1A28758593ED6FBAE7E101FF96, StartTime=2016.04.11-21.29.34, HierarchicalDDC=, DataSize=131330, Duration=1.843475, RunGuid=RunID55C479FF4A75A92109247CACC4E2EBBA
DDCTransactionIdC85FD47E4D4F5DEF43F5068218F8E5D8_30, PutCachedData=, CacheKey=TEXTURE_814DCC3DC72143F49509781513CB9855_G8_E958070C4E4F0F6EC998648415D8EA55_0__2ADEEA3A5C6670A20BC4C55B6952107552B2E7ED, StartTime=2016.04.11-21.29.34, HierarchicalDDC=, DataSize=33026, Duration=2.503097, RunGuid=RunID55C479FF4A75A92109247CACC4E2EBBA
DDCTransactionIdF1395CF5419A0746F1C38FB6416A196A_22, BuildTexture=, CacheKey=TEXTURE_814DCC3DC72143F49509781513CB9855_G8_3E393214446ACA7C84E78F9E755D1366_07_0000803F0000803F0000803F000000000000803F00000000000000000000803F0000000000000000020000000E000000000000000101000000040000803FFFFFFFFF00000000FF00FF00FFFF8180803B, StartTime=2016.04.11-21.29.34, Duration=3.024198, RunGuid=RunID55C479FF4A75A92109247CACC4E2EBBA
DDCTransactionIdA6920936470C39A241D8D1A5EC1176D7_30, PutCachedData=, CacheKey=TEXTURE_814DCC3DC72143F49509781513CB9855_G8_E958070C4E4F0F6EC998648415D8EA55_0__058C4B7844088955D6F4A79FDDD062912A0DC24F, StartTime=2016.04.11-21.29.34, HierarchicalDDC=, DataSize=8449, Duration=2.237998, RunGuid=RunID55C479FF4A75A92109247CACC4E2EBBA
DDCTransactionIdDCB6F0264B4FC6D40C099C8421310F57_28, PutCachedData=, CacheKey=TEXTURE_814DCC3DC72143F49509781513CB9855_G8_E958070C4E4F0F6EC998648415D8EA55_0__E2EC7FFFE1B1DD73A7051E10996DD0363D3D5E92, StartTime=2016.04.11-21.29.34, HierarchicalDDC=, DataSize=4119, Duration=1.743637, RunGuid=RunID55C479FF4A75A92109247CACC4E2EBBA
DDCTransactionIdC85FD47E4D4F5DEF43F5068218F8E5D8_31, PutCachedData=, CacheKey=TEXTURE_814DCC3DC72143F49509781513CB9855_G8_3E393214446ACA7C84E78F9E755D1366_0__ACBE97A767026ACDAB8FE9C96B9D9AE1CC9C437A, StartTime=2016.04.11-21.29.34, HierarchicalDDC=, DataSize=131330, Duration=2.327595, RunGuid=RunID55C479FF4A75A92109247CACC4E2EBBA
DDCTransactionIdA6920936470C39A241D8D1A5EC1176D7_31, PutCachedData=, CacheKey=TEXTURE_814DCC3DC72143F49509781513CB9855_G8_3E393214446ACA7C84E78F9E755D1366_0__F1B986785C16F5DFA4346329D2B34C896864F18A, StartTime=2016.04.11-21.29.34, HierarchicalDDC=, DataSize=33026, Duration=2.214670, RunGuid=RunID55C479FF4A75A92109247CACC4E2EBBA
DDCTransactionIdF1395CF5419A0746F1C38FB6416A196A_23, BuildTexture=, CacheKey=TEXTURE_814DCC3DC72143F49509781513CB9855_G8_170E24A94E3DCE0CDA6FED9F0482E75F_07_0000803F0000803F0000803F000000000000803F00000000000000000000803F0000000000000000020000000E000000000000000101000000040000803FFFFFFFFF00000000FF00FF00FFFF8180803B, StartTime=2016.04.11-21.29.34, Duration=0.126865, RunGuid=RunID55C479FF4A75A92109247CACC4E2EBBA
DDCTransactionIdDCB6F0264B4FC6D40C099C8421310F57_29, PutCachedData=, CacheKey=TEXTURE_814DCC3DC72143F49509781513CB9855_G8_3E393214446ACA7C84E78F9E755D1366_0__F0144F4E9B3915394D181982F40C5E6DA7061A40, StartTime=2016.04.11-21.29.34, HierarchicalDDC=, DataSize=8449, Duration=1.728557, RunGuid=RunID55C479FF4A75A92109247CACC4E2EBBA
DDCTransactionIdDCB6F0264B4FC6D40C099C8421310F57_30, PutCachedData=, CacheKey=TEXTURE_814DCC3DC72143F49509781513CB9855_G8_3E393214446ACA7C84E78F9E755D1366_0__79D26B73B848801968C9CA34E2A3DEA1977F3FFE, StartTime=2016.04.11-21.29.34, HierarchicalDDC=, DataSize=4119, Duration=1.582071, RunGuid=RunID55C479FF4A75A92109247CACC4E2EBBA
DDCTransactionIdA6920936470C39A241D8D1A5EC1176D7_32, PutCachedData=, CacheKey=TEXTURE_814DCC3DC72143F49509781513CB9855_G8_170E24A94E3DCE0CDA6FED9F0482E75F_0__5A4C2F0CCD6C99BA2D9A24E9F6FF03C3003D0AFF, StartTime=2016.04.11-21.29.34, HierarchicalDDC=, DataSize=3250, Duration=1.893822, RunGuid=RunID55C479FF4A75A92109247CACC4E2EBBA
DDCTransactionIdC85FD47E4D4F5DEF43F5068218F8E5D8_32, PutCachedData=, CacheKey=REFL_ENC_96DFC022836B48889143E9DF484C3296_28451F344AD23D60BB90B68D6DC76219, StartTime=2016.04.11-21.29.34, HierarchicalDDC=, DataSize=524280, Duration=2.239704, RunGuid=RunID55C479FF4A75A92109247CACC4E2EBBA
DDCTransactionIdF1395CF5419A0746F1C38FB6416A196A_24, BuildTexture=, CacheKey=TEXTURE_814DCC3DC72143F49509781513CB9855_AutoDXT_5C1BD5844BCCCEFE984F13B5EF729164_07_0000803F0000803F0000803F000000000000803F00000000000000000000803F00000000000000000200000001000100000000000101000000040000803FFFFFFFFF00000000FF00FF00FFFF8180803B, StartTime=2016.04.11-21.29.34, Duration=1865.700562, RunGuid=RunID55C479FF4A75A92109247CACC4E2EBBA
DDCTransactionIdDCB6F0264B4FC6D40C099C8421310F57_31, PutCachedData=, CacheKey=TEXTURE_814DCC3DC72143F49509781513CB9855_AutoDXT_5C1BD5844BCCCEFE984F13B5EF729__E9496FB4C7816B81917D6AD43EA4AD4EC7B2CFC3, StartTime=2016.04.11-21.29.36, HierarchicalDDC=, DataSize=4194569, Duration=9.802189, RunGuid=RunID55C479FF4A75A92109247CACC4E2EBBA
DDCTransactionIdA6920936470C39A241D8D1A5EC1176D7_33, PutCachedData=, CacheKey=TEXTURE_814DCC3DC72143F49509781513CB9855_AutoDXT_5C1BD5844BCCCEFE984F13B5EF729__0D7ACB94C435A458BE2E0E52C04D90C93F1F7C27, StartTime=2016.04.11-21.29.36, HierarchicalDDC=, DataSize=1048841, Duration=4.896686, RunGuid=RunID55C479FF4A75A92109247CACC4E2EBBA
DDCTransactionIdC85FD47E4D4F5DEF43F5068218F8E5D8_33, PutCachedData=, CacheKey=TEXTURE_814DCC3DC72143F49509781513CB9855_AutoDXT_5C1BD5844BCCCEFE984F13B5EF729__0CC09018E943B1F3F15087E8D1C3EC971DB5BC11, StartTime=2016.04.11-21.29.36, HierarchicalDDC=, DataSize=262407, Duration=3.508888, RunGuid=RunID55C479FF4A75A92109247CACC4E2EBBA
DDCTransactionIdC85FD47E4D4F5DEF43F5068218F8E5D8_34, PutCachedData=, CacheKey=TEXTURE_814DCC3DC72143F49509781513CB9855_AutoDXT_5C1BD5844BCCCEFE984F13B5EF729__E2D46DA187A53EACC7E434619BE6F8C288ACD9D4, StartTime=2016.04.11-21.29.36, HierarchicalDDC=, DataSize=65799, Duration=3.218185, RunGuid=RunID55C479FF4A75A92109247CACC4E2EBBA
DDCTransactionIdA6920936470C39A241D8D1A5EC1176D7_34, PutCachedData=, CacheKey=TEXTURE_814DCC3DC72143F49509781513CB9855_AutoDXT_5C1BD5844BCCCEFE984F13B5EF729__1BD597909FE52B66F0ADDFCBA877390A59560FEC, StartTime=2016.04.11-21.29.36, HierarchicalDDC=, DataSize=16647, Duration=2.637923, RunGuid=RunID55C479FF4A75A92109247CACC4E2EBBA
DDCTransactionIdC85FD47E4D4F5DEF43F5068218F8E5D8_35, PutCachedData=, CacheKey=TEXTURE_814DCC3DC72143F49509781513CB9855_AutoDXT_5C1BD5844BCCCEFE984F13B5EF729__21D1CEF1FF132088A3AB877492A1F18C84EBBDDD, StartTime=2016.04.11-21.29.36, HierarchicalDDC=, DataSize=7493, Duration=1.960948, RunGuid=RunID55C479FF4A75A92109247CACC4E2EBBA
DDCTransactionIdF1395CF5419A0746F1C38FB6416A196A_25, BuildTexture=, CacheKey=TEXTURE_814DCC3DC72143F49509781513CB9855_AutoDXT_030D71EE4DA78F8E598967A31B41FFCE_07_0000803F0000803F0000803F000000000000803F00000000000000000000803F00000000000000000200000001000100000000000101000000040000803FFFFFFFFF00000000FF00FF00FFFF8180803B, StartTime=2016.04.11-21.29.36, Duration=2000.753540, RunGuid=RunID55C479FF4A75A92109247CACC4E2EBBA
DDCTransactionIdA6920936470C39A241D8D1A5EC1176D7_35, PutCachedData=, CacheKey=TEXTURE_814DCC3DC72143F49509781513CB9855_AutoDXT_030D71EE4DA78F8E598967A31B41F__2C852E7868F513FA141150B3FB06AA648276993E, StartTime=2016.04.11-21.29.38, HierarchicalDDC=, DataSize=2097417, Duration=5.697109, RunGuid=RunID55C479FF4A75A92109247CACC4E2EBBA
DDCTransactionIdDCB6F0264B4FC6D40C099C8421310F57_32, PutCachedData=, CacheKey=TEXTURE_814DCC3DC72143F49509781513CB9855_AutoDXT_030D71EE4DA78F8E598967A31B41F__D800AD93E3AB18614C714E5B03245BECD824F064, StartTime=2016.04.11-21.29.38, HierarchicalDDC=, DataSize=524553, Duration=3.267109, RunGuid=RunID55C479FF4A75A92109247CACC4E2EBBA
DDCTransactionIdC85FD47E4D4F5DEF43F5068218F8E5D8_36, PutCachedData=, CacheKey=TEXTURE_814DCC3DC72143F49509781513CB9855_AutoDXT_030D71EE4DA78F8E598967A31B41F__4E0C83D22725D73FE7422B1DE106C9852E035BA7, StartTime=2016.04.11-21.29.38, HierarchicalDDC=, DataSize=131335, Duration=3.981348, RunGuid=RunID55C479FF4A75A92109247CACC4E2EBBA
DDCTransactionIdDCB6F0264B4FC6D40C099C8421310F57_33, PutCachedData=, CacheKey=TEXTURE_814DCC3DC72143F49509781513CB9855_AutoDXT_030D71EE4DA78F8E598967A31B41F__BF35246E184B2F3BBCFFF4905DBA9688583A2EA1, StartTime=2016.04.11-21.29.38, HierarchicalDDC=, DataSize=33031, Duration=4.309311, RunGuid=RunID55C479FF4A75A92109247CACC4E2EBBA
DDCTransactionIdC85FD47E4D4F5DEF43F5068218F8E5D8_37, PutCachedData=, CacheKey=TEXTURE_814DCC3DC72143F49509781513CB9855_AutoDXT_030D71EE4DA78F8E598967A31B41F__A04A56D0FED9DFF8E036793530EB021E6FA1F176, StartTime=2016.04.11-21.29.38, HierarchicalDDC=, DataSize=8455, Duration=2.494849, RunGuid=RunID55C479FF4A75A92109247CACC4E2EBBA
DDCTransactionIdA6920936470C39A241D8D1A5EC1176D7_36, PutCachedData=, CacheKey=TEXTURE_814DCC3DC72143F49509781513CB9855_AutoDXT_030D71EE4DA78F8E598967A31B41F__F938C8C3315CB7D129896CFCC78AD11134C096D8, StartTime=2016.04.11-21.29.38, HierarchicalDDC=, DataSize=4749, Duration=2.699360, RunGuid=RunID55C479FF4A75A92109247CACC4E2EBBA
DDCTransactionIdF1395CF5419A0746F1C38FB6416A196A_26, BuildTexture=, CacheKey=TEXTURE_814DCC3DC72143F49509781513CB9855_BC5_3336FBEF4A3526C6FE3A369BA3AB0A8C_07_0000803F0000803F0000803F000000000000803F00000000000000000000803F00000000000000000200000001000000000000000100000000040000803FFFFFFFFF00000000FF00FF00FFFF8180803B, StartTime=2016.04.11-21.29.39, Duration=305.820221, RunGuid=RunID55C479FF4A75A92109247CACC4E2EBBA
DDCTransactionIdC85FD47E4D4F5DEF43F5068218F8E5D8_38, PutCachedData=, CacheKey=TEXTURE_814DCC3DC72143F49509781513CB9855_BC5_3336FBEF4A3526C6FE3A369BA3AB0A8C___A697CFAE0409D6CF04E82C2206941782443D8D47, StartTime=2016.04.11-21.29.39, HierarchicalDDC=, DataSize=4194565, Duration=8.077893, RunGuid=RunID55C479FF4A75A92109247CACC4E2EBBA
DDCTransactionIdDCB6F0264B4FC6D40C099C8421310F57_34, PutCachedData=, CacheKey=TEXTURE_814DCC3DC72143F49509781513CB9855_BC5_3336FBEF4A3526C6FE3A369BA3AB0A8C___F627F0DF29AD7E7EB523180964776B03AD3C983A, StartTime=2016.04.11-21.29.39, HierarchicalDDC=, DataSize=1048837, Duration=3.786504, RunGuid=RunID55C479FF4A75A92109247CACC4E2EBBA
DDCTransactionIdA6920936470C39A241D8D1A5EC1176D7_37, PutCachedData=, CacheKey=TEXTURE_814DCC3DC72143F49509781513CB9855_BC5_3336FBEF4A3526C6FE3A369BA3AB0A8C___C31F051D21C90A74358572AD18162314CB497A6C, StartTime=2016.04.11-21.29.39, HierarchicalDDC=, DataSize=262403, Duration=2.982952, RunGuid=RunID55C479FF4A75A92109247CACC4E2EBBA
DDCTransactionIdA6920936470C39A241D8D1A5EC1176D7_38, PutCachedData=, CacheKey=TEXTURE_814DCC3DC72143F49509781513CB9855_BC5_3336FBEF4A3526C6FE3A369BA3AB0A8C___B5F1974D20D44E760919507B1E379D6CA24FED24, StartTime=2016.04.11-21.29.39, HierarchicalDDC=, DataSize=65795, Duration=2.562832, RunGuid=RunID55C479FF4A75A92109247CACC4E2EBBA
DDCTransactionIdDCB6F0264B4FC6D40C099C8421310F57_35, PutCachedData=, CacheKey=TEXTURE_814DCC3DC72143F49509781513CB9855_BC5_3336FBEF4A3526C6FE3A369BA3AB0A8C___F661EBDEBF9F582DE578F9A8E9FA7DBB32106EF5, StartTime=2016.04.11-21.29.39, HierarchicalDDC=, DataSize=16643, Duration=2.234869, RunGuid=RunID55C479FF4A75A92109247CACC4E2EBBA
DDCTransactionIdC85FD47E4D4F5DEF43F5068218F8E5D8_39, PutCachedData=, CacheKey=TEXTURE_814DCC3DC72143F49509781513CB9855_BC5_3336FBEF4A3526C6FE3A369BA3AB0A8C___5B5864B36FA96F6A0BC111C00D8F655A6FF197A6, StartTime=2016.04.11-21.29.39, HierarchicalDDC=, DataSize=7468, Duration=1.722585, RunGuid=RunID55C479FF4A75A92109247CACC4E2EBBA
DDCTransactionIdF1395CF5419A0746F1C38FB6416A196A_27, BuildTexture=, CacheKey=TEXTURE_814DCC3DC72143F49509781513CB9855_AutoDXT_49EBE4F9430B027F3639729C4CE028A7_07_0000803F0000803F0000803F000000000000803F00000000000000000000803F00000000000000000200000001000000000000000101000000040000803FFFFFFFFF00000000FF00FF00FFFF8180803B, StartTime=2016.04.11-21.29.39, Duration=27.373075, RunGuid=RunID55C479FF4A75A92109247CACC4E2EBBA
DDCTransactionIdDCB6F0264B4FC6D40C099C8421310F57_36, PutCachedData=, CacheKey=TEXTURE_814DCC3DC72143F49509781513CB9855_AutoDXT_49EBE4F9430B027F3639729C4CE02__4EE83C895828B45CA36D4968CBC323543A9A22B2, StartTime=2016.04.11-21.29.39, HierarchicalDDC=, DataSize=262407, Duration=3.062312, RunGuid=RunID55C479FF4A75A92109247CACC4E2EBBA
DDCTransactionIdA6920936470C39A241D8D1A5EC1176D7_39, PutCachedData=, CacheKey=TEXTURE_814DCC3DC72143F49509781513CB9855_AutoDXT_49EBE4F9430B027F3639729C4CE02__349CA13B15B01E106858DDDD0E3E3396DA218D6D, StartTime=2016.04.11-21.29.39, HierarchicalDDC=, DataSize=65799, Duration=2.745442, RunGuid=RunID55C479FF4A75A92109247CACC4E2EBBA
DDCTransactionIdC85FD47E4D4F5DEF43F5068218F8E5D8_40, PutCachedData=, CacheKey=TEXTURE_814DCC3DC72143F49509781513CB9855_AutoDXT_49EBE4F9430B027F3639729C4CE02__AC9285A4DAFDC0716DEF13130A9B06B3FE11A1AD, StartTime=2016.04.11-21.29.39, HierarchicalDDC=, DataSize=16647, Duration=2.422031, RunGuid=RunID55C479FF4A75A92109247CACC4E2EBBA
DDCTransactionIdC85FD47E4D4F5DEF43F5068218F8E5D8_41, PutCachedData=, CacheKey=TEXTURE_814DCC3DC72143F49509781513CB9855_AutoDXT_49EBE4F9430B027F3639729C4CE02__6569745CA631A9E5DFDCBA9FC53A8671E25127CD, StartTime=2016.04.11-21.29.39, HierarchicalDDC=, DataSize=6899, Duration=1.535993, RunGuid=RunID55C479FF4A75A92109247CACC4E2EBBA
DDCTransactionIdF1395CF5419A0746F1C38FB6416A196A_28, BuildTexture=, CacheKey=TEXTURE_814DCC3DC72143F49509781513CB9855_BC5_DF45889644371608E2E167A00D0E9612_07_0000803F0000803F0000803F000000000000803F00000000000000000000803F00000000000000000200000001000000000000000100000000040000803FFFFFFFFF00000000FF00FF00FFFF8180803B, StartTime=2016.04.11-21.29.39, Duration=15.984550, RunGuid=RunID55C479FF4A75A92109247CACC4E2EBBA
DDCTransactionIdA6920936470C39A241D8D1A5EC1176D7_40, PutCachedData=, CacheKey=TEXTURE_814DCC3DC72143F49509781513CB9855_BC5_DF45889644371608E2E167A00D0E9612___443B7C5B121406914003AD4942611D4E7AB0E6B6, StartTime=2016.04.11-21.29.39, HierarchicalDDC=, DataSize=262403, Duration=2.367135, RunGuid=RunID55C479FF4A75A92109247CACC4E2EBBA
DDCTransactionIdDCB6F0264B4FC6D40C099C8421310F57_37, PutCachedData=, CacheKey=TEXTURE_814DCC3DC72143F49509781513CB9855_BC5_DF45889644371608E2E167A00D0E9612___B9B78E453C5A2D47BC10970C4EE4FB7BA7A1EFE0, StartTime=2016.04.11-21.29.39, HierarchicalDDC=, DataSize=65795, Duration=2.208128, RunGuid=RunID55C479FF4A75A92109247CACC4E2EBBA
DDCTransactionIdC85FD47E4D4F5DEF43F5068218F8E5D8_42, PutCachedData=, CacheKey=TEXTURE_814DCC3DC72143F49509781513CB9855_BC5_DF45889644371608E2E167A00D0E9612___EF451734771F1E7FD2C45DBFD0445135812CF3B5, StartTime=2016.04.11-21.29.39, HierarchicalDDC=, DataSize=16643, Duration=2.600945, RunGuid=RunID55C479FF4A75A92109247CACC4E2EBBA
DDCTransactionIdDCB6F0264B4FC6D40C099C8421310F57_38, PutCachedData=, CacheKey=TEXTURE_814DCC3DC72143F49509781513CB9855_BC5_DF45889644371608E2E167A00D0E9612___DF2A58CA17E68A9DB2FAE8BE60FCFA7DA2120DF0, StartTime=2016.04.11-21.29.39, HierarchicalDDC=, DataSize=6882, Duration=1.574393, RunGuid=RunID55C479FF4A75A92109247CACC4E2EBBA
DDCTransactionIdF1395CF5419A0746F1C38FB6416A196A_29, BuildTexture=, CacheKey=TEXTURE_814DCC3DC72143F49509781513CB9855_AutoDXT_C25F0AA4434FAD95C399DCB32877CF9E_07_0000803F0000803F0000803F000000000000803F00000000000000000000803F00000000000000000200000001000300000000000101000000040000803FFFFFFFFF00000000FF00FF00FFFF8180803B, StartTime=2016.04.11-21.29.39, Duration=77.460060, RunGuid=RunID55C479FF4A75A92109247CACC4E2EBBA
DDCTransactionIdA6920936470C39A241D8D1A5EC1176D7_41, PutCachedData=, CacheKey=TEXTURE_814DCC3DC72143F49509781513CB9855_AutoDXT_C25F0AA4434FAD95C399DCB32877C__F9C48EB226BBE8678412D2FA9F8F6414C0AF8240, StartTime=2016.04.11-21.29.39, HierarchicalDDC=, DataSize=131335, Duration=2.890225, RunGuid=RunID55C479FF4A75A92109247CACC4E2EBBA
DDCTransactionIdC85FD47E4D4F5DEF43F5068218F8E5D8_43, PutCachedData=, CacheKey=TEXTURE_814DCC3DC72143F49509781513CB9855_AutoDXT_C25F0AA4434FAD95C399DCB32877C__1EDF00FCB9562E717B43F900063C2EC891004D4F, StartTime=2016.04.11-21.29.39, HierarchicalDDC=, DataSize=33031, Duration=2.183668, RunGuid=RunID55C479FF4A75A92109247CACC4E2EBBA
DDCTransactionIdDCB6F0264B4FC6D40C099C8421310F57_39, PutCachedData=, CacheKey=TEXTURE_814DCC3DC72143F49509781513CB9855_AutoDXT_C25F0AA4434FAD95C399DCB32877C__280A88EACD9BCBBE505626E96B2A7B43B3526266, StartTime=2016.04.11-21.29.39, HierarchicalDDC=, DataSize=8455, Duration=3.269102, RunGuid=RunID55C479FF4A75A92109247CACC4E2EBBA
DDCTransactionIdC85FD47E4D4F5DEF43F5068218F8E5D8_44, PutCachedData=, CacheKey=TEXTURE_814DCC3DC72143F49509781513CB9855_AutoDXT_C25F0AA4434FAD95C399DCB32877C__3C5BFA81A17D8CFE09D86A05346BFF1F1568772B, StartTime=2016.04.11-21.29.39, HierarchicalDDC=, DataSize=4155, Duration=1.895811, RunGuid=RunID55C479FF4A75A92109247CACC4E2EBBA
DDCTransactionIdF1395CF5419A0746F1C38FB6416A196A_30, BuildTexture=, CacheKey=TEXTURE_814DCC3DC72143F49509781513CB9855_BC5_9D79806F4FC0A8F037E5F6AFD2EE46E8_07_0000803F0000803F0000803F000000000000803F00000000000000000000803F00000000000000000200000001000000000000000100000000040000803FFFFFFFFF00000000FF00FF00FFFF8180803B, StartTime=2016.04.11-21.29.39, Duration=14.667015, RunGuid=RunID55C479FF4A75A92109247CACC4E2EBBA
DDCTransactionIdA6920936470C39A241D8D1A5EC1176D7_42, PutCachedData=, CacheKey=TEXTURE_814DCC3DC72143F49509781513CB9855_BC5_9D79806F4FC0A8F037E5F6AFD2EE46E8___22817D37760A7F9C8F40F845F65CB9EC772EBB0F, StartTime=2016.04.11-21.29.39, HierarchicalDDC=, DataSize=262403, Duration=2.898473, RunGuid=RunID55C479FF4A75A92109247CACC4E2EBBA
DDCTransactionIdDCB6F0264B4FC6D40C099C8421310F57_40, PutCachedData=, CacheKey=TEXTURE_814DCC3DC72143F49509781513CB9855_BC5_9D79806F4FC0A8F037E5F6AFD2EE46E8___4F34334FA6A9D9F791DB345AD97BBCBD69A1192B, StartTime=2016.04.11-21.29.39, HierarchicalDDC=, DataSize=65795, Duration=2.327882, RunGuid=RunID55C479FF4A75A92109247CACC4E2EBBA
DDCTransactionIdC85FD47E4D4F5DEF43F5068218F8E5D8_45, PutCachedData=, CacheKey=TEXTURE_814DCC3DC72143F49509781513CB9855_BC5_9D79806F4FC0A8F037E5F6AFD2EE46E8___F709916AAEE2E75162D4B5C090FCD68C14DACFED, StartTime=2016.04.11-21.29.39, HierarchicalDDC=, DataSize=16643, Duration=2.501108, RunGuid=RunID55C479FF4A75A92109247CACC4E2EBBA
DDCTransactionIdDCB6F0264B4FC6D40C099C8421310F57_41, PutCachedData=, CacheKey=TEXTURE_814DCC3DC72143F49509781513CB9855_BC5_9D79806F4FC0A8F037E5F6AFD2EE46E8___16038ABA287E49944BE289986A4BB06926AA464A, StartTime=2016.04.11-21.29.39, HierarchicalDDC=, DataSize=6882, Duration=1.883581, RunGuid=RunID55C479FF4A75A92109247CACC4E2EBBA
DDCTransactionIdF1395CF5419A0746F1C38FB6416A196A_31, BuildTexture=, CacheKey=TEXTURE_814DCC3DC72143F49509781513CB9855_AutoDXT_3D9DF5394695F7124FAF65908374C968_07_0000803F0000803F0000803F000000000000803F00000000000000000000803F00000000000000000200000001000300000000000101000000040000803FFFFFFFFF00000000FF00FF00FFFF8180803B, StartTime=2016.04.11-21.29.39, Duration=97.527504, RunGuid=RunID55C479FF4A75A92109247CACC4E2EBBA
DDCTransactionIdC85FD47E4D4F5DEF43F5068218F8E5D8_46, PutCachedData=, CacheKey=TEXTURE_814DCC3DC72143F49509781513CB9855_AutoDXT_3D9DF5394695F7124FAF65908374C__F79118E6F30CD645ED13CCACDE18506EDDF2AAA7, StartTime=2016.04.11-21.29.39, HierarchicalDDC=, DataSize=131335, Duration=2.116539, RunGuid=RunID55C479FF4A75A92109247CACC4E2EBBA
DDCTransactionIdA6920936470C39A241D8D1A5EC1176D7_43, PutCachedData=, CacheKey=TEXTURE_814DCC3DC72143F49509781513CB9855_AutoDXT_3D9DF5394695F7124FAF65908374C__D9BCE034B54501B31E1268E47E4A9A15D33D5424, StartTime=2016.04.11-21.29.39, HierarchicalDDC=, DataSize=33031, Duration=3.194861, RunGuid=RunID55C479FF4A75A92109247CACC4E2EBBA
DDCTransactionIdDCB6F0264B4FC6D40C099C8421310F57_42, PutCachedData=, CacheKey=TEXTURE_814DCC3DC72143F49509781513CB9855_AutoDXT_3D9DF5394695F7124FAF65908374C__8D74DBB4A0FC52B1E60DDF306B3B6D5AD8928B38, StartTime=2016.04.11-21.29.39, HierarchicalDDC=, DataSize=8455, Duration=2.636217, RunGuid=RunID55C479FF4A75A92109247CACC4E2EBBA
DDCTransactionIdC85FD47E4D4F5DEF43F5068218F8E5D8_47, PutCachedData=, CacheKey=TEXTURE_814DCC3DC72143F49509781513CB9855_AutoDXT_3D9DF5394695F7124FAF65908374C__1048758D1A9E930E3BE15FAD74367A7AD7306A1B, StartTime=2016.04.11-21.29.39, HierarchicalDDC=, DataSize=4155, Duration=1.753021, RunGuid=RunID55C479FF4A75A92109247CACC4E2EBBA
DDCTransactionIdF1395CF5419A0746F1C38FB6416A196A_32, BuildTexture=, CacheKey=TEXTURE_814DCC3DC72143F49509781513CB9855_BC5_660726A047C2927550383F8D31513001_07_0000803F0000803F0000803F000000000000803F00000000000000000000803F00000000000000000200000001000000000000000100000000040000803FFFFFFFFF00000000FF00FF00FFFF8180803B, StartTime=2016.04.11-21.29.39, Duration=16.195324, RunGuid=RunID55C479FF4A75A92109247CACC4E2EBBA
DDCTransactionIdDCB6F0264B4FC6D40C099C8421310F57_43, PutCachedData=, CacheKey=TEXTURE_814DCC3DC72143F49509781513CB9855_BC5_660726A047C2927550383F8D31513001___E4261310C6827BE0699E0E38E182C3B841FFD2EB, StartTime=2016.04.11-21.29.39, HierarchicalDDC=, DataSize=262403, Duration=2.771899, RunGuid=RunID55C479FF4A75A92109247CACC4E2EBBA
DDCTransactionIdA6920936470C39A241D8D1A5EC1176D7_44, PutCachedData=, CacheKey=TEXTURE_814DCC3DC72143F49509781513CB9855_BC5_660726A047C2927550383F8D31513001___8840DF5883E6EC5500D3350FB12B05898FBAE0C5, StartTime=2016.04.11-21.29.39, HierarchicalDDC=, DataSize=65795, Duration=2.080415, RunGuid=RunID55C479FF4A75A92109247CACC4E2EBBA
DDCTransactionIdC85FD47E4D4F5DEF43F5068218F8E5D8_48, PutCachedData=, CacheKey=TEXTURE_814DCC3DC72143F49509781513CB9855_BC5_660726A047C2927550383F8D31513001___656A5593B9A79465290398ABD19F32BF841D32E1, StartTime=2016.04.11-21.29.39, HierarchicalDDC=, DataSize=16643, Duration=2.340112, RunGuid=RunID55C479FF4A75A92109247CACC4E2EBBA
DDCTransactionIdA6920936470C39A241D8D1A5EC1176D7_45, PutCachedData=, CacheKey=TEXTURE_814DCC3DC72143F49509781513CB9855_BC5_660726A047C2927550383F8D31513001___CF70F1551B9B3BAA91EF94E1C1B6B6F013D72556, StartTime=2016.04.11-21.29.39, HierarchicalDDC=, DataSize=6882, Duration=1.794264, RunGuid=RunID55C479FF4A75A92109247CACC4E2EBBA
DDCTransactionIdF1395CF5419A0746F1C38FB6416A196A_33, BuildTexture=, CacheKey=TEXTURE_814DCC3DC72143F49509781513CB9855_AutoDXT_175FFFF34B3800668E3E95AD8254F9FF_07_0000803F0000803F0000803F000000000000803F00000000000000000000803F00000000000000000200000001000000000000000101000000040000803FFFFFFFFF00000000FF00FF00FFFF8180803B, StartTime=2016.04.11-21.29.39, Duration=60.098522, RunGuid=RunID55C479FF4A75A92109247CACC4E2EBBA
DDCTransactionIdC85FD47E4D4F5DEF43F5068218F8E5D8_49, PutCachedData=, CacheKey=TEXTURE_814DCC3DC72143F49509781513CB9855_AutoDXT_175FFFF34B3800668E3E95AD8254F__07A88AF74FC1E73AB09610F8C968130817CECAC3, StartTime=2016.04.11-21.29.39, HierarchicalDDC=, DataSize=524553, Duration=3.114078, RunGuid=RunID55C479FF4A75A92109247CACC4E2EBBA
DDCTransactionIdDCB6F0264B4FC6D40C099C8421310F57_44, PutCachedData=, CacheKey=TEXTURE_814DCC3DC72143F49509781513CB9855_AutoDXT_175FFFF34B3800668E3E95AD8254F__36D14B777ED17E3D5FC75B48AED96537AE53896D, StartTime=2016.04.11-21.29.39, HierarchicalDDC=, DataSize=131335, Duration=3.450293, RunGuid=RunID55C479FF4A75A92109247CACC4E2EBBA
DDCTransactionIdA6920936470C39A241D8D1A5EC1176D7_46, PutCachedData=, CacheKey=TEXTURE_814DCC3DC72143F49509781513CB9855_AutoDXT_175FFFF34B3800668E3E95AD8254F__60DD8B40791EDDF0CEA9C6EA24FB368B50CCE7B2, StartTime=2016.04.11-21.29.39, HierarchicalDDC=, DataSize=33031, Duration=3.156178, RunGuid=RunID55C479FF4A75A92109247CACC4E2EBBA
DDCTransactionIdC85FD47E4D4F5DEF43F5068218F8E5D8_50, PutCachedData=, CacheKey=TEXTURE_814DCC3DC72143F49509781513CB9855_AutoDXT_175FFFF34B3800668E3E95AD8254F__54360FB6FDE14A1E68B0C73A350C5AF456C27A04, StartTime=2016.04.11-21.29.39, HierarchicalDDC=, DataSize=8455, Duration=1.949571, RunGuid=RunID55C479FF4A75A92109247CACC4E2EBBA
DDCTransactionIdA6920936470C39A241D8D1A5EC1176D7_47, PutCachedData=, CacheKey=TEXTURE_814DCC3DC72143F49509781513CB9855_AutoDXT_175FFFF34B3800668E3E95AD8254F__93E5E5D4F615EF636436CEFD35B5A384CC018943, StartTime=2016.04.11-21.29.39, HierarchicalDDC=, DataSize=4452, Duration=2.551738, RunGuid=RunID55C479FF4A75A92109247CACC4E2EBBA
DDCTransactionIdF1395CF5419A0746F1C38FB6416A196A_34, BuildTexture=, CacheKey=TEXTURE_814DCC3DC72143F49509781513CB9855_BC5_550B17DD4E4B41095ADB0B9395D1461E_07_0000803F0000803F0000803F000000000000803F00000000000000000000803F00000000000000000200000001000000000000000100000000040000803FFFFFFFFF00000000FF00FF00FFFF8180803B, StartTime=2016.04.11-21.29.39, Duration=308.635071, RunGuid=RunID55C479FF4A75A92109247CACC4E2EBBA
DDCTransactionIdDCB6F0264B4FC6D40C099C8421310F57_45, PutCachedData=, CacheKey=TEXTURE_814DCC3DC72143F49509781513CB9855_BC5_550B17DD4E4B41095ADB0B9395D1461E___28D98B9BACB0D754935FE389E58534CB52AB6BFA, StartTime=2016.04.11-21.29.40, HierarchicalDDC=, DataSize=4194565, Duration=7.876508, RunGuid=RunID55C479FF4A75A92109247CACC4E2EBBA
DDCTransactionIdC85FD47E4D4F5DEF43F5068218F8E5D8_51, PutCachedData=, CacheKey=TEXTURE_814DCC3DC72143F49509781513CB9855_BC5_550B17DD4E4B41095ADB0B9395D1461E___9E48D523BD074D32C26379ECA6F407E7B68CFEF9, StartTime=2016.04.11-21.29.40, HierarchicalDDC=, DataSize=1048837, Duration=3.868137, RunGuid=RunID55C479FF4A75A92109247CACC4E2EBBA
DDCTransactionIdA6920936470C39A241D8D1A5EC1176D7_48, PutCachedData=, CacheKey=TEXTURE_814DCC3DC72143F49509781513CB9855_BC5_550B17DD4E4B41095ADB0B9395D1461E___E972E517DD60D95E1C46DFC4007337E93E155A8C, StartTime=2016.04.11-21.29.40, HierarchicalDDC=, DataSize=262403, Duration=3.284179, RunGuid=RunID55C479FF4A75A92109247CACC4E2EBBA
DDCTransactionIdA6920936470C39A241D8D1A5EC1176D7_49, PutCachedData=, CacheKey=TEXTURE_814DCC3DC72143F49509781513CB9855_BC5_550B17DD4E4B41095ADB0B9395D1461E___F6B3843AA2C3552BF9BB3A9EC0F3D6FD4CAACDF1, StartTime=2016.04.11-21.29.40, HierarchicalDDC=, DataSize=65795, Duration=2.199028, RunGuid=RunID55C479FF4A75A92109247CACC4E2EBBA
DDCTransactionIdC85FD47E4D4F5DEF43F5068218F8E5D8_52, PutCachedData=, CacheKey=TEXTURE_814DCC3DC72143F49509781513CB9855_BC5_550B17DD4E4B41095ADB0B9395D1461E___7C98BD541A8AEDBB90702D519DD62E0FECD22B3B, StartTime=2016.04.11-21.29.40, HierarchicalDDC=, DataSize=16643, Duration=2.425447, RunGuid=RunID55C479FF4A75A92109247CACC4E2EBBA
DDCTransactionIdA6920936470C39A241D8D1A5EC1176D7_50, PutCachedData=, CacheKey=TEXTURE_814DCC3DC72143F49509781513CB9855_BC5_550B17DD4E4B41095ADB0B9395D1461E___6773721C977F58677E206A77EB5EB90606B07256, StartTime=2016.04.11-21.29.40, HierarchicalDDC=, DataSize=7468, Duration=1.658589, RunGuid=RunID55C479FF4A75A92109247CACC4E2EBBA
DDCTransactionIdF1395CF5419A0746F1C38FB6416A196A_35, BuildTexture=, CacheKey=TEXTURE_814DCC3DC72143F49509781513CB9855_BGRA8_72107D3F4110EAEF3BE5D5841EFE141A_07_0000803F0000803F0000803F000000000000803F00000000000000000000803F0000000000000000020000000D000100000000000101000000040000803FFFFFFFFF00000000FF00FF00FFFF8180803B, StartTime=2016.04.11-21.29.40, Duration=0.292122, RunGuid=RunID55C479FF4A75A92109247CACC4E2EBBA
DDCTransactionIdA6920936470C39A241D8D1A5EC1176D7_51, PutCachedData=, CacheKey=TEXTURE_814DCC3DC72143F49509781513CB9855_BGRA8_72107D3F4110EAEF3BE5D5841EFE141__EBFABFC50FA425319A0ADC765708F5FF2CC0430C, StartTime=2016.04.11-21.29.40, HierarchicalDDC=, DataSize=16696, Duration=20.584564, RunGuid=RunID55C479FF4A75A92109247CACC4E2EBBA
DDCTransactionIdF1395CF5419A0746F1C38FB6416A196A_36, BuildTexture=, CacheKey=TEXTURE_814DCC3DC72143F49509781513CB9855_BGRA8_4963A1D64E358284C2A151B90C2ACE24_07_0000803F0000803F0000803F000000000000803F00000000000000000000803F0000000000000000020000000D000100000000000101000000040000803FFFFFFFFF00000000FF00FF00FFFF8180803B, StartTime=2016.04.11-21.29.40, Duration=0.125438, RunGuid=RunID55C479FF4A75A92109247CACC4E2EBBA
DDCTransactionIdC85FD47E4D4F5DEF43F5068218F8E5D8_53, PutCachedData=, CacheKey=TEXTURE_814DCC3DC72143F49509781513CB9855_BGRA8_4963A1D64E358284C2A151B90C2ACE2__0877A119ECF8D290E51A42A8C457FAB4635C4CE5, StartTime=2016.04.11-21.29.40, HierarchicalDDC=, DataSize=6712, Duration=1.905486, RunGuid=RunID55C479FF4A75A92109247CACC4E2EBBA
DDCTransactionIdF1395CF5419A0746F1C38FB6416A196A_37, BuildTexture=, CacheKey=TEXTURE_814DCC3DC72143F49509781513CB9855_BGRA8_70FBE2144E9E03B3586828844F8F9E39_07_0000803F0000803F0000803F000000000000803F00000000000000000000803F0000000000000000020000000D000100000000000101000000040000803FFFFFFFFF00000000FF00FF00FFFF8180803B, StartTime=2016.04.11-21.29.40, Duration=0.339054, RunGuid=RunID55C479FF4A75A92109247CACC4E2EBBA
DDCTransactionIdDCB6F0264B4FC6D40C099C8421310F57_46, PutCachedData=, CacheKey=TEXTURE_814DCC3DC72143F49509781513CB9855_BGRA8_70FBE2144E9E03B3586828844F8F9E3__AAD3CE188F72F692D5AA9967E2CA3DEDA43A777F, StartTime=2016.04.11-21.29.40, HierarchicalDDC=, DataSize=16696, Duration=1.760416, RunGuid=RunID55C479FF4A75A92109247CACC4E2EBBA
DDCTransactionIdF1395CF5419A0746F1C38FB6416A196A_38, BuildTexture=, CacheKey=TEXTURE_814DCC3DC72143F49509781513CB9855_BGRA8_8F68DA7846EE5B1FF2DDDC9433F817A8_07_0000803F0000803F0000803F000000000000803F00000000000000000000803F0000000000000000020000000D000100000000000101000000040000803FFFFFFFFF00000000FF00FF00FFFF8180803B, StartTime=2016.04.11-21.29.40, Duration=0.132550, RunGuid=RunID55C479FF4A75A92109247CACC4E2EBBA
DDCTransactionIdC85FD47E4D4F5DEF43F5068218F8E5D8_54, PutCachedData=, CacheKey=TEXTURE_814DCC3DC72143F49509781513CB9855_BGRA8_8F68DA7846EE5B1FF2DDDC9433F817A__9FDFF1F38E2A447698C25ADA8828C9B7E78C264B, StartTime=2016.04.11-21.29.40, HierarchicalDDC=, DataSize=6712, Duration=1.885857, RunGuid=RunID55C479FF4A75A92109247CACC4E2EBBA
DDCTransactionIdF1395CF5419A0746F1C38FB6416A196A_39, BuildTexture=, CacheKey=TEXTURE_814DCC3DC72143F49509781513CB9855_BGRA8_D07216FC40952418CFE0E28778D79B21_07_0000803F0000803F0000803F000000000000803F00000000000000000000803F0000000000000000020000000D000100000000000101000000040000803FFFFFFFFF00000000FF00FF00FFFF8180803B, StartTime=2016.04.11-21.29.40, Duration=0.141367, RunGuid=RunID55C479FF4A75A92109247CACC4E2EBBA
DDCTransactionIdDCB6F0264B4FC6D40C099C8421310F57_47, PutCachedData=, CacheKey=TEXTURE_814DCC3DC72143F49509781513CB9855_BGRA8_D07216FC40952418CFE0E28778D79B2__89B7DC46CA82953BBE8057421208BB96E5C619A9, StartTime=2016.04.11-21.29.40, HierarchicalDDC=, DataSize=6712, Duration=37.765202, RunGuid=RunID55C479FF4A75A92109247CACC4E2EBBA
DDCTransactionIdF1395CF5419A0746F1C38FB6416A196A_40, BuildTexture=, CacheKey=TEXTURE_814DCC3DC72143F49509781513CB9855_BGRA8_0334AFB24D2E5AA9081F9BAFF9F95EE0_07_0000803F0000803F0000803F000000000000803F00000000000000000000803F0000000000000000020000000D000100000000000101000000040000803FFFFFFFFF00000000FF00FF00FFFF8180803B, StartTime=2016.04.11-21.29.40, Duration=0.134826, RunGuid=RunID55C479FF4A75A92109247CACC4E2EBBA
DDCTransactionIdC85FD47E4D4F5DEF43F5068218F8E5D8_55, PutCachedData=, CacheKey=TEXTURE_814DCC3DC72143F49509781513CB9855_BGRA8_0334AFB24D2E5AA9081F9BAFF9F95EE__ED95787AC12E31E95E769FBE5E7BFB4D77C53CB8, StartTime=2016.04.11-21.29.40, HierarchicalDDC=, DataSize=6712, Duration=1.569271, RunGuid=RunID55C479FF4A75A92109247CACC4E2EBBA
DDCTransactionIdF1395CF5419A0746F1C38FB6416A196A_41, BuildTexture=, CacheKey=TEXTURE_814DCC3DC72143F49509781513CB9855_BGRA8_2140CA5B4637C285519D6D91BA9973B1_07_0000803F0000803F0000803F000000000000803F00000000000000000000803F0000000000000000020000000D000100000000000101000000040000803FFFFFFFFF00000000FF00FF00FFFF8180803B, StartTime=2016.04.11-21.29.40, Duration=0.139948, RunGuid=RunID55C479FF4A75A92109247CACC4E2EBBA
DDCTransactionIdC85FD47E4D4F5DEF43F5068218F8E5D8_56, PutCachedData=, CacheKey=TEXTURE_814DCC3DC72143F49509781513CB9855_BGRA8_2140CA5B4637C285519D6D91BA9973B__42CF69DB21C149F8C8271914F4141A7EA80E9870, StartTime=2016.04.11-21.29.40, HierarchicalDDC=, DataSize=6712, Duration=1.927953, RunGuid=RunID55C479FF4A75A92109247CACC4E2EBBA
DDCTransactionIdF1395CF5419A0746F1C38FB6416A196A_42, BuildTexture=, CacheKey=TEXTURE_814DCC3DC72143F49509781513CB9855_BGRA8_748D4F054C3030AC8888BEA1993C93A6_07_0000803F0000803F0000803F000000000000803F00000000000000000000803F00000000000000000200000001000000000000000101000000040000803FFFFFFFFF00000000FF00FF00FFFF8180803B, StartTime=2016.04.11-21.29.40, Duration=0.634026, RunGuid=RunID55C479FF4A75A92109247CACC4E2EBBA
DDCTransactionIdA6920936470C39A241D8D1A5EC1176D7_52, PutCachedData=, CacheKey=TEXTURE_814DCC3DC72143F49509781513CB9855_BGRA8_748D4F054C3030AC8888BEA1993C93A__79AB56B57296E31CDFFE8867020509D14A699B71, StartTime=2016.04.11-21.29.40, HierarchicalDDC=, DataSize=16644, Duration=22.532717, RunGuid=RunID55C479FF4A75A92109247CACC4E2EBBA
DDCTransactionIdDCB6F0264B4FC6D40C099C8421310F57_48, PutCachedData=, CacheKey=TEXTURE_814DCC3DC72143F49509781513CB9855_BGRA8_748D4F054C3030AC8888BEA1993C93A__66191627C7E8A6B05447BCF1CE20A881815777A9, StartTime=2016.04.11-21.29.40, HierarchicalDDC=, DataSize=8452, Duration=2.647307, RunGuid=RunID55C479FF4A75A92109247CACC4E2EBBA
DDCTransactionIdC85FD47E4D4F5DEF43F5068218F8E5D8_57, PutCachedData=, CacheKey=TEXTURE_814DCC3DC72143F49509781513CB9855_BGRA8_748D4F054C3030AC8888BEA1993C93A__3CE5BB905F1CC7D022240CF4A01B36E9E7C46A6B, StartTime=2016.04.11-21.29.40, HierarchicalDDC=, DataSize=4356, Duration=2.806597, RunGuid=RunID55C479FF4A75A92109247CACC4E2EBBA
DDCTransactionIdDCB6F0264B4FC6D40C099C8421310F57_49, PutCachedData=, CacheKey=TEXTURE_814DCC3DC72143F49509781513CB9855_BGRA8_748D4F054C3030AC8888BEA1993C93A__7DAF3DF355D8ACA90C304E71CC15E2C8EEEC3DAF, StartTime=2016.04.11-21.29.40, HierarchicalDDC=, DataSize=2307, Duration=1.748472, RunGuid=RunID55C479FF4A75A92109247CACC4E2EBBA
DDCTransactionIdC85FD47E4D4F5DEF43F5068218F8E5D8_58, PutCachedData=, CacheKey=TEXTURE_814DCC3DC72143F49509781513CB9855_BGRA8_748D4F054C3030AC8888BEA1993C93A__AB11C0D74FF631D42824FDEC2F244CADF6A908B6, StartTime=2016.04.11-21.29.40, HierarchicalDDC=, DataSize=1283, Duration=22.519342, RunGuid=RunID55C479FF4A75A92109247CACC4E2EBBA
DDCTransactionIdDCB6F0264B4FC6D40C099C8421310F57_50, PutCachedData=, CacheKey=TEXTURE_814DCC3DC72143F49509781513CB9855_BGRA8_748D4F054C3030AC8888BEA1993C93A__CED1D83E3FD3B0CB7BD9AA620DC7BDA967EECCBE, StartTime=2016.04.11-21.29.40, HierarchicalDDC=, DataSize=771, Duration=20.999565, RunGuid=RunID55C479FF4A75A92109247CACC4E2EBBA
DDCTransactionIdA6920936470C39A241D8D1A5EC1176D7_53, PutCachedData=, CacheKey=TEXTURE_814DCC3DC72143F49509781513CB9855_BGRA8_748D4F054C3030AC8888BEA1993C93A__A72DE74243C3FF2060D178C8A85568CB313921EB, StartTime=2016.04.11-21.29.41, HierarchicalDDC=, DataSize=2785, Duration=21.375601, RunGuid=RunID55C479FF4A75A92109247CACC4E2EBBA
